,Unnamed: 0,sha256,time,datasets
3,3,2de33582cc79ccd8e5197c1dd361eb129a36e65af1e9a94094b4c72fd6ef2e1a,2018-12-02 13:59:40,"(2016-08-01, 2022-08-01]"
4,4,542cee6b35f424cb14098a9eb10c081b22dc7735a1c9bf99b99fcc8ed8f6d069,2017-01-12 12:20:34,"(2016-08-01, 2022-08-01]"
15,15,a7b7d3da2690b5f74349743b1c47a551990e94e498d4625a2a575d986f2f8dc8,2016-11-01 16:07:56,"(2016-08-01, 2022-08-01]"
17,17,0150a6db849e4cc280cb9019f0f01e35c76581df7072c6c2bc6dbdc400a6f1d7,2017-06-13 17:05:42,"(2016-08-01, 2022-08-01]"
24,24,008a84491d65cdc10dd1f5e5cb3eb243b25f49cb6049d94af03843f4fec8dec4,2020-07-10 14:09:36,"(2016-08-01, 2022-08-01]"
113,113,a282c0b2b0499002f50e8e9dfa87abdffdec78896d5ca1ab4d50632fdbc33f01,2020-07-10 15:49:50,"(2016-08-01, 2022-08-01]"
115,115,8c491faf1d9603bdf37cd32b80a9e5f0dcff1f0997c9a2d7725e12ed42006ef2,2016-08-18 18:36:44,"(2016-08-01, 2022-08-01]"
148,148,5a1ed3aef01737543a0e6e67a1c58b21f7219149bb9cec7a7b9c19bcff5355d8,2016-08-04 12:11:20,"(2016-08-01, 2022-08-01]"
149,149,af1bb09eda23a36fe3f4ab490b8465755db88007ef64d1b98618168d84c1952a,2016-08-12 23:33:54,"(2016-08-01, 2022-08-01]"
160,160,664f0a33c2bcc12eaed8534e55d2d146d9562e689b82016446d0ac4a4fa4df35,2017-09-20 16:28:08,"(2016-08-01, 2022-08-01]"
206,206,744d7152d70e66f206c46fa183f337d70b249e5aa51cd505037e2615fc295fe4,2020-09-17 18:05:02,"(2016-08-01, 2022-08-01]"
219,219,72c3428578034f6fbfb0a5561b61f7aee2832c1c9e6492f00fd0da7358e75a0a,2017-04-13 14:51:28,"(2016-08-01, 2022-08-01]"
225,225,76c6cb159149219dc3754a4cb16e5dff26838c8eec452b1bf96d8d872f90dcca,2020-01-31 10:12:14,"(2016-08-01, 2022-08-01]"
279,279,85d95e52937b113834025b61eec86f43cf290e858346cb405f64aee17305ee54,2016-08-17 10:56:34,"(2016-08-01, 2022-08-01]"
286,286,819c1914688d1ef9da01a6df63656824c704cd1da89359fcabd804abe0c7c771,2016-10-17 13:50:48,"(2016-08-01, 2022-08-01]"
297,297,be5cfe4f7fe26cc6e50e0402cea08872b3a6eb980f1b3df4b054b54eb5096b2c,2016-12-12 14:36:48,"(2016-08-01, 2022-08-01]"
318,318,ef27fb7c98c2bfe9a4cd592a6c9b601ce81bef061681069db4101e9800a54464,2017-07-11 14:33:36,"(2016-08-01, 2022-08-01]"
329,329,435fa664772a0d904039ba69970719abaea9da4dbc5d47cf6bf82fadf204c1f2,2020-06-05 18:19:22,"(2016-08-01, 2022-08-01]"
339,339,efacaa60e8fa4cb332218fa399995ad5c4a2325bf21d119317edf0508fe422df,2018-12-05 15:10:18,"(2016-08-01, 2022-08-01]"
379,379,15fbbad4bb346d891132538dee5631e65922ab2c0f1d93b370c2eee4704c0832,2016-08-10 20:57:14,"(2016-08-01, 2022-08-01]"
385,385,a0642d1aae518494d8186ff9460c4e72131238d43686d978529d63fc784481f6,2017-04-20 10:35:38,"(2016-08-01, 2022-08-01]"
443,443,d75eba52ee828cca16fe7ea0e19ad32595b2b078a39ffa58c622b7fe4d3052c4,2019-04-15 18:34:18,"(2016-08-01, 2022-08-01]"
470,470,c22116a78487a447310c67e6458bd482d47244654ee02ad0d6c1a8cced588064,2019-12-16 15:12:20,"(2016-08-01, 2022-08-01]"
473,473,23941633f5fbf5cbfde4b7e92d4fad85a57fd7980868893f4f21581272d9a48b,2016-12-16 13:07:40,"(2016-08-01, 2022-08-01]"
491,491,cd896706458bd50c4c09011009cadec1e15d43c80cbb541ada929bd2e0f2ecde,2016-10-01 04:38:06,"(2016-08-01, 2022-08-01]"
497,497,b02a1b738f9797ec2a3f6a1c1798c1a9eb6e7eaf697763f9b1990f27f5640f59,2018-01-18 10:23:54,"(2016-08-01, 2022-08-01]"
514,514,dc6fe3443eff3012c8a42a071a1f0da88c369511b455789489ecaadbf54c4db7,2016-09-12 14:07:06,"(2016-08-01, 2022-08-01]"
520,520,3092683fc421a9a5b5c3897790ac73130502e5c502f2d7e3b54c3f0e5a800ae1,2018-02-28 10:00:22,"(2016-08-01, 2022-08-01]"
554,554,c8e5b69016d159a3a6aca37e8fda62033ae43404d6aa5414fc381acaf3418ef5,2019-11-13 17:32:52,"(2016-08-01, 2022-08-01]"
627,627,bbdf576b45a5deeb7104cb8a2965225e9cec8810292f20f85cac1ce37088363a,2017-07-04 21:37:24,"(2016-08-01, 2022-08-01]"
629,629,30da730d98be74e73158d19d2cdff880f4b080d3e4a8124005abc6f938e3a444,2019-03-21 20:08:44,"(2016-08-01, 2022-08-01]"
653,653,e36426961fbd9ef21a1d6cd98f59588c4bc80e96f5987cface73a109e543fb82,2017-01-14 15:20:50,"(2016-08-01, 2022-08-01]"
706,706,3d1489db313be88d977a2336e95129f9c6097b6d05a629355be28f5a24e123b4,2017-11-19 18:12:52,"(2016-08-01, 2022-08-01]"
736,736,a016c17b3cb333d03ce6434ad7134040eead061822e2326501e19bb6276e7ac5,2016-08-12 13:57:36,"(2016-08-01, 2022-08-01]"
745,745,4a1bd6cbc4d2114bf289c67134b139dd27f1e483140f99d9e15737250a48746c,2016-09-17 01:31:36,"(2016-08-01, 2022-08-01]"
801,801,e0a92483753d5cb10140735caa94aaa08a48abaa388dcc1c943e36c3ffccf6d0,2019-08-27 19:43:20,"(2016-08-01, 2022-08-01]"
805,805,74e9f7da74789e1fa59a3b7930ea1d08db12dcf95fd5517e86b5956292bcf668,2020-07-24 08:05:42,"(2016-08-01, 2022-08-01]"
815,815,ba4ee6225b1dcb0069e372319661f14dbb380c08097d78f0dc760d21176d2aeb,2018-01-02 17:15:12,"(2016-08-01, 2022-08-01]"
833,833,6c01b1436aeaee4a45bd595776c6e7d3e59c012752d33297e5e6dbbda1c3bf5c,2019-02-21 14:23:48,"(2016-08-01, 2022-08-01]"
862,862,bd0466662ae1ba90d00744d03b5f2227616bc1b159fdbe0a526344024a22e3eb,2016-10-13 16:17:18,"(2016-08-01, 2022-08-01]"
868,868,103c616ec1dfc6060f67aa567016564c53de2a56a63adaf64c3cfee5b5a30c27,2019-04-19 09:11:42,"(2016-08-01, 2022-08-01]"
924,924,8daa80c48de3972d1fc9a100ca60829aad5c72ddd055151a71b628cbe175ad1e,2018-01-29 21:03:28,"(2016-08-01, 2022-08-01]"
931,931,4b9c02df0ad0e842cdfc069068459e16e027a767a92410edab5496cf026607f3,2016-10-08 15:53:54,"(2016-08-01, 2022-08-01]"
950,950,c2e0d9cf60e1fecdcd18f75f01d7a020471c2021eceb53701e5af4b377a6891c,2019-03-15 00:13:50,"(2016-08-01, 2022-08-01]"
978,978,3fba525e8267178c0c13d113aea5ef686fcab1a2997bfd8497879a6329b57f51,2020-01-31 21:37:42,"(2016-08-01, 2022-08-01]"
984,984,63d94e9ca568888d5b2a56a4f7bc67174209f6956b6cf8bcf1361b3802a724b5,2016-12-26 20:49:36,"(2016-08-01, 2022-08-01]"
998,998,2e46953e9b6792a6ea410e79db3126dd0b4d45399e7a9c642eda59d6a96d90b7,2019-10-12 09:45:14,"(2016-08-01, 2022-08-01]"
1011,1011,0e354a637a7e28bae5950215d3fc9e2ba6abbf5ce38566f5c5f6b1066ea76342,2020-01-10 09:48:32,"(2016-08-01, 2022-08-01]"
1039,1039,e917ba5689631f20dca69e2507c5af76fd4ca84bedc6c3e609fc8b549f7d6c1c,2017-04-05 12:08:36,"(2016-08-01, 2022-08-01]"
1091,1091,f3c9119b2737d6a9431ffa619f547a26f0a2f62a58d198eed884d68c172a46a4,2016-11-15 12:34:22,"(2016-08-01, 2022-08-01]"
1101,1101,21d179e88eb4dd4aa2dddabc5720a21d61233c9b78ba2d10b000528d87128021,2016-08-24 00:12:06,"(2016-08-01, 2022-08-01]"
1112,1112,556b1a2998934ba631df1100eb55fad9c02321131f53c98aabdad2ed2e5e19d3,2016-11-09 18:06:42,"(2016-08-01, 2022-08-01]"
1114,1114,0b992bd114133a5174a0f4f57991a7b51914ca9768dd2b29db7c9b5fc86c950b,2017-07-13 15:51:34,"(2016-08-01, 2022-08-01]"
1149,1149,79336dccb0302a9090dbeb18426c5b69c15aad1945ba42e66e8f16c5968d2b8c,2016-08-11 18:44:56,"(2016-08-01, 2022-08-01]"
1154,1154,92c49c6cd51343812dcfdbf720c5793dd0b628bbe2533eeb54dcd140711cae8e,2016-10-26 18:52:32,"(2016-08-01, 2022-08-01]"
1170,1170,1d86c1fd1c4472c0c88fb282bfe16cd1107d28c8f92f5c6e43ec5ceff6490d0e,2017-07-13 15:20:50,"(2016-08-01, 2022-08-01]"
1207,1207,4b75c89396ee8670710f58cddc1bef02ad44b83d237a4ea32cb112712faff842,2019-09-10 14:05:24,"(2016-08-01, 2022-08-01]"
1214,1214,db2246d7012734ad069ccac52e1934a45c15e2a485ca8b1b6b9918b97bf5fb12,2017-01-19 11:21:02,"(2016-08-01, 2022-08-01]"
1230,1230,ef9f9543f2919028b240f1399dc2950ee8667bf72e045b8fd5e43add0e44c4c0,2016-12-01 10:06:20,"(2016-08-01, 2022-08-01]"
1256,1256,424390012ca6fbec13b458ccdc1614c4a48a64be3f3f018fd94be90eaa0b5faa,2016-09-27 14:37:32,"(2016-08-01, 2022-08-01]"
1266,1266,104a6aab23cbf3ad1b5eabe01d9cafebfb4169113213fca23088fa676b5cc9e3,2018-05-18 16:26:40,"(2016-08-01, 2022-08-01]"
1311,1311,12d897db29b4a6500544b59d5874aa85298cbb2d980be5974be2141d7c5e2df0,2020-01-06 14:48:32,"(2016-08-01, 2022-08-01]"
1335,1335,e846485599d4c28cf74aeaa2042cc8723b31adb4cc4c5168f3e6a0e0d2860882,2017-07-05 11:56:54,"(2016-08-01, 2022-08-01]"
1337,1337,9b37654967f9bbfc1c3e047096ec70d0d98daf11871f2f50044a07f62395a84d,2017-03-27 20:48:08,"(2016-08-01, 2022-08-01]"
1450,1450,a3e2e9ff0a7f1db038daed7293c7adec67374916435b51ee808e92298f40cabe,2018-08-30 11:07:02,"(2016-08-01, 2022-08-01]"
1451,1451,eaa165ce27d17aa8351e71fcbac4e1d8103dfd8cdb2abca7a192332a7c91677b,2016-12-17 17:55:46,"(2016-08-01, 2022-08-01]"
1489,1489,781cf26232d226a95e18dbc8a61412c9f625fe9e54a066b1fe57ee5e4c424288,2016-09-22 19:05:34,"(2016-08-01, 2022-08-01]"
1512,1512,7ac212aaff2e2fda92e583c2a1d07a93f0c7b205c6f3bf722418f2f25aedd0b4,2017-07-13 15:07:50,"(2016-08-01, 2022-08-01]"
1546,1546,9e393d5b3ce33545ce0792a14c973051adf0394bf823d205f917b831881482ca,2018-10-05 09:15:20,"(2016-08-01, 2022-08-01]"
1561,1561,c8114cd7072fc0231048c79b984186860b2bfe84b862674306cf400b33efe3c0,2018-07-13 17:23:40,"(2016-08-01, 2022-08-01]"
1593,1593,3f8fc5d18fc58ad8860616479a25c3a17e7949c7c22edeb4f1f855cd499b2cf7,2017-10-17 16:55:30,"(2016-08-01, 2022-08-01]"
1600,1600,621a4ca450dde98ab53a911fbef783d88e1e43e96d3adbbcaaa0e1e9fea9493b,2016-11-21 22:24:20,"(2016-08-01, 2022-08-01]"
1611,1611,de4bf186f868c1f908fc12650b3a3702ef36aa22c0c7b0f4942f6e3506755322,2018-10-07 15:51:32,"(2016-08-01, 2022-08-01]"
1612,1612,ede6b87f393df8845050ae5c2084365e9c3566027404be3587e8b601312fa87e,2017-05-16 16:49:52,"(2016-08-01, 2022-08-01]"
1645,1645,473c5c2f208ea7df7c3b3c5f2b08a4555dee236f25ba6a7f7ea842101bfbeaac,2019-05-20 12:47:06,"(2016-08-01, 2022-08-01]"
1649,1649,212ee232ee16fc63747baf5e00b52e17f6bcd031cff7d79dfacb91b5c8155eb0,2019-11-04 18:49:12,"(2016-08-01, 2022-08-01]"
1653,1653,49b5cd49df266340d2241de7b4bb5143fa461a36efb3aa3d6557ac35e61d0c96,2017-10-26 17:03:14,"(2016-08-01, 2022-08-01]"
1658,1658,5942e6eae74db6ee8cd48c58b421fac4efc8ba59a6992a2eaedcc8dbc509c7c6,2020-05-12 17:52:04,"(2016-08-01, 2022-08-01]"
1752,1752,2b9c83e5689e7599ec84c14a9cb1d952e87d9c88babe87191c28a95de8c4527c,2020-07-09 17:37:06,"(2016-08-01, 2022-08-01]"
1772,1772,517d6bb3be88558c7129b69e4014ebb37759b6f614763cf91148f943ad29d00c,2016-12-15 14:13:54,"(2016-08-01, 2022-08-01]"
1798,1798,7741693fd00369bdb437466580229a3b4e78a3758ec105204fd93f969b009068,2017-01-01 16:43:34,"(2016-08-01, 2022-08-01]"
1810,1810,5ca254f8c79c9565e3c78775c3151a3481d94803142200583b9ba7c77273e3fa,2020-04-08 22:52:18,"(2016-08-01, 2022-08-01]"
1811,1811,f347ccd281c97a2f1638788a703ed39895eb4489c1b727647dfac6b68387f136,2017-03-14 21:36:18,"(2016-08-01, 2022-08-01]"
1814,1814,548470b24ea7ba04b498c9123005469ed3d13135cabe8bb88d66a576c4e10598,2018-08-29 15:50:32,"(2016-08-01, 2022-08-01]"
1817,1817,b08128971260328a8195c50d705e30841f7aff73cbdc1acfd48ed112c03073eb,2018-08-14 09:21:44,"(2016-08-01, 2022-08-01]"
1820,1820,ecc0ae0c7c487b2647b87dee349849366fca117ec3ff9ba0930841f1dca0c8de,2019-11-22 16:37:44,"(2016-08-01, 2022-08-01]"
1829,1829,ee91f106131b9cf61b659b3255c1dcc859c0d4f3996e0988181e60f2289e52bd,2019-08-21 17:48:24,"(2016-08-01, 2022-08-01]"
1860,1860,1a537e12107ffb39ccde2e1a24a1ecdc9688ed989eff92a08efa47b6776c864c,2020-05-13 18:52:30,"(2016-08-01, 2022-08-01]"
1870,1870,6debdae76c27001bdd58e7a631418c35b8b4be2919d9047b95faf3bf0a55da2e,2020-05-29 16:07:50,"(2016-08-01, 2022-08-01]"
1881,1881,cddf46287bb64cf7231865c596a7bfce734a1561fd7ba2f68afeaf7b7ec1eb35,2018-01-19 15:24:06,"(2016-08-01, 2022-08-01]"
1985,1985,0f4806507417491347afb50fbd453fbcce29748b295244ddf11e6d7d8087abeb,2016-10-26 10:45:36,"(2016-08-01, 2022-08-01]"
2009,2009,59def3b13f5c8caae92a9fb8da0b50685bb75e26b1e75e32f71b00cac87657cc,2018-04-23 15:02:32,"(2016-08-01, 2022-08-01]"
2023,2023,9a98db74943a11470dd2fcef317fbc3d7d669af317276b19a21c85067b6cbd49,2018-01-09 11:32:36,"(2016-08-01, 2022-08-01]"
2036,2036,b9ccc84a92cc97428b19b6b8cc27c9ce5c26a7e08981505fcfcb7a98a88a77ec,2016-11-26 15:54:56,"(2016-08-01, 2022-08-01]"
2046,2046,e2b2a6ea8282710b4f9b46f872626474a0439f867f4f31c55c0c89b2a8fbe529,2019-08-13 17:37:10,"(2016-08-01, 2022-08-01]"
2051,2051,36c7a1c43b557bd1ae6851f5d3cc4c5f26a50041f04dca01c76670ca0faeec83,2017-03-31 15:36:24,"(2016-08-01, 2022-08-01]"
2060,2060,ed7b31647add488ed656b80a8cc84b3698b46a5213c961631480dc0c5b8fd3d9,2016-08-26 22:20:22,"(2016-08-01, 2022-08-01]"
2066,2066,e2ff0e360c1ef0888f270ec4baacc78288507ec4bf53904542ec3abaefeabde4,2017-07-26 21:46:12,"(2016-08-01, 2022-08-01]"
2090,2090,14d8bb65e71243df75e3dbcef812cbaf06503263a3e75b63eeb15e92e9bd9f8a,2016-09-20 15:03:48,"(2016-08-01, 2022-08-01]"
2146,2146,b4733e16bd3651d6537cdc3dbeffa05531b9319af8eab690e6e4075121e7c3a7,2018-08-22 19:12:28,"(2016-08-01, 2022-08-01]"
2149,2149,2a03e546c488534d037546506ce5a035e7f7fe8979de5478d9ceba4604409c71,2019-09-02 15:34:28,"(2016-08-01, 2022-08-01]"
2156,2156,1fe4e97746602247850985f0e4938ef73ea3b741297a8fd37118105c7b07be74,2018-08-10 15:33:50,"(2016-08-01, 2022-08-01]"
2192,2192,3708e90e01066b32e5c3034c69939959b0a934a2c133b0551f2efb9f0ce9462f,2017-07-03 16:40:38,"(2016-08-01, 2022-08-01]"
2207,2207,40d485424647b575f4fd5ad614191761cfb7fedec52cad3e846ba43ab476b909,2020-02-29 15:11:36,"(2016-08-01, 2022-08-01]"
2226,2226,7296d4daaec1ccfefcec5b5f8d56f0fef60de5eec1295dfbdae586bac687c675,2017-12-13 11:10:58,"(2016-08-01, 2022-08-01]"
2238,2238,8f7e27d9c36713c393c307e1923ac42d1bc614e46a12797c6922f49ad251604a,2018-06-15 20:13:38,"(2016-08-01, 2022-08-01]"
2242,2242,30ff1020f24b5cd664ede1c475edbb3a4c49877ad1e3d6ad146c115e5cd38a25,2016-10-12 10:20:52,"(2016-08-01, 2022-08-01]"
2251,2251,affc9f8638ed3615d096858f5ca61a664a36c0ce91747181bf81b7678437814a,2017-07-20 16:19:38,"(2016-08-01, 2022-08-01]"
2270,2270,56cedf1325a2e63c15da6bbae52471ea5feb8ef6af3c173ab2a4a4f428073b3f,2016-08-03 11:02:06,"(2016-08-01, 2022-08-01]"
2276,2276,dd28af7d55f86c65cd1024231d2eef5031aa92cd3a54a69693299c9ac8d295dd,2016-10-12 08:27:34,"(2016-08-01, 2022-08-01]"
2281,2281,2e256e59b7c986b7e9987fb9affc6ff1185027f78f26e6717417642889b606fa,2020-07-09 15:27:42,"(2016-08-01, 2022-08-01]"
2303,2303,c593ab5878e65ad1b61b6d0fb51a0ea6ea6ab38708d4819f6a88962294b09ed0,2016-12-08 23:32:58,"(2016-08-01, 2022-08-01]"
2360,2360,9290697bfcec6f2431b32163186c9d80e94c18b89d7d570735e8ca8e04d8b2da,2018-04-10 18:08:28,"(2016-08-01, 2022-08-01]"
2368,2368,65351e4ed0cb5454ce3c41add5f9fd9fcaafbda6389d3cd81a512a3990f2e6da,2016-12-26 13:12:40,"(2016-08-01, 2022-08-01]"
2400,2400,736a2f0a0119ae2d743a134cc233f7fd30e0570fb22028ea98ef9f95fcc9cb6e,2020-07-10 18:54:16,"(2016-08-01, 2022-08-01]"
2407,2407,6b9ca646e71d4bea211e55a88c15c455adcf1500397c32b39bdf47d1137a4891,2017-04-19 11:17:40,"(2016-08-01, 2022-08-01]"
2421,2421,1c80598c1d4533b76e5284aae157c39be2c90614e918c6b9929cd90d37059bba,2017-06-09 16:57:58,"(2016-08-01, 2022-08-01]"
2459,2459,d8abf0af7cbea72779b6e88d994d577042fc33ac4ef7ac1cf73037b5d6efb744,2018-11-20 15:08:40,"(2016-08-01, 2022-08-01]"
2465,2465,18c03fe0b5e32457b91fe5c1e60ab7f2230c02b848d4c0207e1ac14ab2c4cf55,2018-04-12 21:26:36,"(2016-08-01, 2022-08-01]"
2506,2506,8aac2a3d99c03a8b3433f973a27cbad34af60e206b3754f6dcd1914a5cfeec67,2019-01-17 17:14:28,"(2016-08-01, 2022-08-01]"
2511,2511,d5301a0b1589c768afba7c25359591d973cdb4e9ade65a94994f74bb59d2e988,2019-09-09 21:49:52,"(2016-08-01, 2022-08-01]"
2520,2520,536ec417a874b2876e3b44819e314a6c67bb0a902513b2777e69f8c034998112,2019-11-08 17:02:56,"(2016-08-01, 2022-08-01]"
2555,2555,4c8b5c444704cc14e901b23f5cef3191e24cc25b78fec39199c629045c701683,2017-01-13 14:42:28,"(2016-08-01, 2022-08-01]"
2576,2576,c2a86a61c6d1be8ded3d78d1db46133901c34a95d49567dbb98de86aef7d92b0,2017-05-05 05:56:04,"(2016-08-01, 2022-08-01]"
2600,2600,c5988437920e17f5247d61c7472a19a5212cfc01b7f0a8022419bfdaffa8a3a6,2016-11-21 13:40:54,"(2016-08-01, 2022-08-01]"
2638,2638,13d6e313c4ab7c9844e17167b4a562b0c700c39fcff75436f77448f3ec0cb229,2017-01-11 16:43:38,"(2016-08-01, 2022-08-01]"
2753,2753,06e68f20c4a37715b91ad3d184e757702705d6f7f968e9438e5b99ce029c2883,2020-03-24 17:34:18,"(2016-08-01, 2022-08-01]"
2773,2773,15a26ab7fcfad0c15ca1174fbb988b962f3c254d06cdd329f0a50f4487d5a5c6,2019-12-06 13:56:14,"(2016-08-01, 2022-08-01]"
2779,2779,5f2e5f1de28e82cb677b111d80a23d46b22febc45a4e0c8f987797f0402f96e0,2020-04-07 19:45:42,"(2016-08-01, 2022-08-01]"
2816,2816,5711f664668b61e1daa379d6cdead46afa4c6949f0603e888bc6990a6f222e21,2016-08-22 20:00:16,"(2016-08-01, 2022-08-01]"
2841,2841,9a823843d9e9a99cc81356d63803a9d954f9d8b28f1212bf7ebf76f8528e7b6c,2020-07-14 21:23:22,"(2016-08-01, 2022-08-01]"
2853,2853,0001f7994a9943bc639fa4a13ddc5bb2a38837650eff5c54662882de1a57d7e0,2018-03-27 05:21:20,"(2016-08-01, 2022-08-01]"
2873,2873,2130491500e0237c20e2015eca81d6ef26a3bf968d3bb63de2546454aef0a2fc,2020-07-02 21:30:18,"(2016-08-01, 2022-08-01]"
2876,2876,fb812d178fe206f35442ad9ae391a0ed541608718d5886bd7e244c014268223b,2020-08-17 11:51:38,"(2016-08-01, 2022-08-01]"
2878,2878,5327f62e6ba8918d86c930d672f4c1804dfab2fccb793f7b44c76514ad01d35c,2016-08-19 16:00:10,"(2016-08-01, 2022-08-01]"
2912,2912,ce1f8b714c419c8e14df93ccfe18e11ca3a819ec5f983d1800027fab7524a525,2017-01-12 11:27:40,"(2016-08-01, 2022-08-01]"
2937,2937,fc2ffe16b4ed98428bf4bc50279447d2d6fddea5ac1710fefbd276750e1fa33d,2016-08-04 14:08:56,"(2016-08-01, 2022-08-01]"
2952,2952,bd2e861b7f27462039f61bedb57d041cc813372c362085600979c6519f04f0fc,2018-01-17 15:14:46,"(2016-08-01, 2022-08-01]"
2965,2965,d86cd0c89f63a7be922d116f36801e5d0557ddce004c5bcdc25297822c901602,2018-10-07 16:47:16,"(2016-08-01, 2022-08-01]"
2979,2979,46df6061b146e29f233253a4cbb631cf20de9c3cce9610ac9a411b7f8a6daccf,2020-02-19 17:13:42,"(2016-08-01, 2022-08-01]"
2983,2983,f1d032cddb795efc24671bbbc66d19d010872e5c6250cc1eec99e15814cf2796,2017-10-27 16:41:52,"(2016-08-01, 2022-08-01]"
3003,3003,98d46ca2b74e1a17374eb9c07f07607da776be39944fa4ff856330907fe2d4be,2016-08-25 16:34:08,"(2016-08-01, 2022-08-01]"
3022,3022,be0281182990d172e856cee9a6b4e3db2bd83112576845689f822c26d8949e2a,2017-04-06 16:01:24,"(2016-08-01, 2022-08-01]"
3053,3053,d022324260ceaeba392d0a521a3bf764638a06931c146edb306fe7f82b22faea,2016-08-25 15:44:28,"(2016-08-01, 2022-08-01]"
3059,3059,1e40a438b4d05d35dc2faa0c9433d7737c23237900b906a8fd7ded4f26b77dbd,2018-01-13 14:52:44,"(2016-08-01, 2022-08-01]"
3095,3095,2241b65f9b7d136591dc81ee9adac45a577c360c26bb1a8c1fca1dc96c73e483,2017-09-29 16:50:02,"(2016-08-01, 2022-08-01]"
3104,3104,99873de4cc750d55fc952aca216b802b1ebca4c513ddbb05e3f97c2a7b3211a0,2020-07-22 17:40:20,"(2016-08-01, 2022-08-01]"
3113,3113,e00339752cb7e2f30f9ed81496d0242bfc0bd2a2fb687d34b754d5f5f5c1f96e,2018-11-19 17:14:00,"(2016-08-01, 2022-08-01]"
3173,3173,b4450b3ad4080214147241051e2acc1fdcfd59e689ab9147746ebe9e293bf6b3,2016-08-12 17:25:34,"(2016-08-01, 2022-08-01]"
3179,3179,c0c0a43bbb5f367e1c38c27785ff5a3d9b2d628c3b6fc536a97f6e2c42f5e268,2020-06-12 18:21:56,"(2016-08-01, 2022-08-01]"
3191,3191,588cf2bb09d22720eef04343d1cd156384ed8e19afefc559fce7560cd75d2aa8,2016-10-15 06:52:42,"(2016-08-01, 2022-08-01]"
3199,3199,e06d6fd368252134a8a4d6d369e0d6dd96fd2c4c0460e7c18af8fbc08f60bbd3,2016-12-18 22:34:16,"(2016-08-01, 2022-08-01]"
3207,3207,963a184eae53276b81a6cd315d14a56538bce4a7d66da7462ebce70f16d6b1a0,2017-09-22 17:20:42,"(2016-08-01, 2022-08-01]"
3214,3214,10c3e3610b49e33c0384cf909d09fa8a501d8a063e0dc398aab76a9f9094f8c2,2017-09-07 18:54:00,"(2016-08-01, 2022-08-01]"
3233,3233,f21bb13f331e0402e90f2c333c561aea5729fe433169912d62bbef5a52729feb,2016-10-15 13:42:58,"(2016-08-01, 2022-08-01]"
3254,3254,0d53058c47e4b71c6c54c4c64d40c819d20e6dc8acf7cad6ee66ab475de76de7,2016-08-20 01:49:10,"(2016-08-01, 2022-08-01]"
3283,3283,e8d89295ac5898643e38c3cb91f7c8f7d69b3e53ceda3cd5a22dbe896c7fc0aa,2019-08-22 22:31:18,"(2016-08-01, 2022-08-01]"
3318,3318,bfd4e7c6eeb411c25641bf66325025a4bcc05c54ebbeedb5fece7f951720462e,2019-10-15 15:47:02,"(2016-08-01, 2022-08-01]"
3321,3321,46cbb2c8da636819d6623520395ed4533481c460af4323469f660714e0db5a57,2019-03-11 15:39:24,"(2016-08-01, 2022-08-01]"
3323,3323,4e4773d6edae45dc038aab78b123fa5996ca71649be2af326296902219006ff8,2017-02-09 16:58:00,"(2016-08-01, 2022-08-01]"
3336,3336,9d22a91c22952d67a6259219871a5c854e06afea37891f38a1df8179c357e305,2020-05-06 12:58:48,"(2016-08-01, 2022-08-01]"
3347,3347,49ae9428bb39bb59f733dad247a459f837d9296b6c70a344e29ff89216d0772e,2016-09-19 21:26:02,"(2016-08-01, 2022-08-01]"
3370,3370,4bda05d05c8f8d41dc5aa60fcfdbbcac53fdae8d2386c05091bdc6721c6fac48,2019-08-15 11:43:44,"(2016-08-01, 2022-08-01]"
3376,3376,c33a3a5d4a1cb7194f0bfd273aaa172aa9a5b89a29734358f6d35c9b8f76b49e,2019-08-09 15:24:48,"(2016-08-01, 2022-08-01]"
3377,3377,e0fcfe0e289e8bec3abcd762c16513257e31142cf9baa896b4b9564f5eec4498,2019-11-15 17:24:50,"(2016-08-01, 2022-08-01]"
3428,3428,e8d5373343ca619ba19baa9a831163863b3b221f96bbde0308a08eb995c26280,2016-10-18 10:07:36,"(2016-08-01, 2022-08-01]"
3464,3464,f0d53f4a2d24141218f34fe65f1ee9560ce5d0e4ab56fa61a983c9a4c54e1e73,2017-01-31 19:42:16,"(2016-08-01, 2022-08-01]"
3470,3470,bb6b8b03604f6217507e66a621dcd6c12ab124e9e3c31026daf56d8afdd664b6,2018-08-15 17:06:24,"(2016-08-01, 2022-08-01]"
3532,3532,393a8da9513361d73b0dcab0808bc5ec5d5b561998983941ed61298ee4137f8c,2017-05-13 08:26:14,"(2016-08-01, 2022-08-01]"
3534,3534,24fd9264edef613b80c8f9621b0c7f83659adb9178e40ec4506440683f6a6c43,2019-04-08 16:18:26,"(2016-08-01, 2022-08-01]"
3559,3559,f404b89cf301a326d787e49a0da56fde3afe237962f859e7a8d32e27d54a7e42,2017-06-03 11:41:56,"(2016-08-01, 2022-08-01]"
3581,3581,f8d8e90de6faa1b9499bb38111806c719dfd3574ef6a1c69e2ee1713b6c06fe6,2017-04-11 22:16:44,"(2016-08-01, 2022-08-01]"
3583,3583,e65ec4b1c6d542d749080764fd01b95ca3896ce6da6924054c9db28472fa35cc,2019-08-14 14:11:44,"(2016-08-01, 2022-08-01]"
3616,3616,3f1e29ce5cc7af28315867a19c4e537f9d58ef3ff7e9a76034bb98d8df57e19c,2016-08-07 12:40:42,"(2016-08-01, 2022-08-01]"
3631,3631,44f29715fb5a639ca19868c05821bd3d3b963fbd5fc0bb6bcff06101e5fb5af1,2020-05-28 11:08:52,"(2016-08-01, 2022-08-01]"
3653,3653,96bf7b454b08401ca5675e774bdc8b704d5841dbfdd2de698bf3be9ff53b771f,2016-08-11 10:21:46,"(2016-08-01, 2022-08-01]"
3674,3674,b503c316531d5a5853711f651e12503e3728fd4b5cca9cd9bf4452c03455a8eb,2017-10-25 14:10:38,"(2016-08-01, 2022-08-01]"
3687,3687,253187dd79143b70060aa50d41e5b23c041a66139420820a02dcf08ff83c74fb,2020-02-27 21:34:46,"(2016-08-01, 2022-08-01]"
3757,3757,673fce7b4306ff80e36b0be00623fb2502762344ddd0333f093819881cad3427,2020-07-06 22:35:26,"(2016-08-01, 2022-08-01]"
3774,3774,037bfd37755e74c29be6f39cd843828b599a83f1c06115b122e2effbcfd24ffd,2016-08-08 18:03:12,"(2016-08-01, 2022-08-01]"
3784,3784,4575b12904e5c6aec67542f0dbc6a85ddc97ccb2be9ad9366667efe9f2c852aa,2020-07-23 21:05:52,"(2016-08-01, 2022-08-01]"
3791,3791,2add5b6562dfac037061bdc1440e115a1db46e1d9056004989bf68bee7465e32,2016-08-04 18:40:34,"(2016-08-01, 2022-08-01]"
3802,3802,a6d7dfa792db76b89eadcc4b8b89811961fdf123a680a83fb99684498e17ddfb,2017-08-23 17:15:04,"(2016-08-01, 2022-08-01]"
3832,3832,09a7e64e868e0289c3b933393d84d3a0ca542329b89e88ce387643520f087acf,2017-04-25 18:09:44,"(2016-08-01, 2022-08-01]"
3906,3906,19375d1b251c1de07b8b1560576d54ecb7b2e03c30f5dcd72e6b26bfdef5c7fd,2020-03-25 18:11:22,"(2016-08-01, 2022-08-01]"
3912,3912,c9d64ff6961655404ff99bc36b033fa6f412c1bf21b1e965ee0865555ba0ffda,2016-09-25 23:27:02,"(2016-08-01, 2022-08-01]"
3948,3948,76a93de2002f17dc9c68e6a4833b0d3414d6bf69e387c8957c26a56d0b56218c,2016-10-11 08:09:30,"(2016-08-01, 2022-08-01]"
3959,3959,5ec93a57a914421a13a44687c663702ac9f43e8e212ff4270e568be12fbd1e3d,2017-07-21 16:03:18,"(2016-08-01, 2022-08-01]"
3983,3983,4cc67b0fcb41fcdc422aaa306bd848bbf25d27857ab7d5761462f0b45ed61a8f,2019-09-25 21:15:04,"(2016-08-01, 2022-08-01]"
3993,3993,fd13f6e72fd9b93af19f0b35fb8186ecbb7a67ddaa3f891b6b579df9a46b2d3e,2017-09-04 18:00:12,"(2016-08-01, 2022-08-01]"
4024,4024,06ecb19481bf1c8e8d17a00005ad1aeb63a925f84aaed752fce7d55cbcf6baba,2016-09-05 20:51:54,"(2016-08-01, 2022-08-01]"
4060,4060,54573ec5a097891a3af844f8b97a8a01263dd1ac42b79a14512d374eb5934724,2017-06-05 15:17:56,"(2016-08-01, 2022-08-01]"
4083,4083,25888626ed0bf6e6022abfd4d801a18e892b1592e94e925e434e7d3141052eb6,2020-06-10 20:14:40,"(2016-08-01, 2022-08-01]"
4091,4091,840eadfd123838f00c29d1afffed8dee62f4029c51e384a5a849244c039462f7,2016-11-20 18:50:08,"(2016-08-01, 2022-08-01]"
4128,4128,0ed6b51b1b0239e026f49a6cfb31f6265bf282b4bc87b57839049a4a71442f63,2019-08-14 15:19:40,"(2016-08-01, 2022-08-01]"
4131,4131,a48d5195be84a2d7dadfdd0710e4a963d66d58b6ffa64c96599f51d96cd2deb6,2020-01-15 15:27:44,"(2016-08-01, 2022-08-01]"
4132,4132,23f8b68bfbacc39e966cd4dfe1b985310f88b0cadbd77630fd36ad8ffc71689a,2017-09-15 08:48:00,"(2016-08-01, 2022-08-01]"
4138,4138,66d6f875973c694b3da8156420b230e1990f07dc7d8933c0d5d42992eb3ff858,2020-07-17 15:56:24,"(2016-08-01, 2022-08-01]"
4139,4139,f0a9790a487b394f498169a02a9a813179d4c0dd9b925398a9ca3c727677dc4a,2017-08-31 10:49:56,"(2016-08-01, 2022-08-01]"
4142,4142,3e4428311bd60cd262b77983554190a20baa2e63ab16bd8b24fe98ffdd3e247e,2019-01-23 16:14:12,"(2016-08-01, 2022-08-01]"
4174,4174,6d1fcb1ab18ee27c2373367e051cae2ba6aafa32ad7dd92a691075de4bb473d3,2020-04-14 18:30:06,"(2016-08-01, 2022-08-01]"
4232,4232,b8c1b62fec881b5e2cc7509a82c43aa6bc0430cc236c30f7d2c25132cd520a33,2018-10-11 17:49:08,"(2016-08-01, 2022-08-01]"
4241,4241,fe750fb7429aa3bf19e173e416e191c205888dfcf6d498aa646221e970f01929,2016-11-01 13:35:24,"(2016-08-01, 2022-08-01]"
4259,4259,24e4d6bdfffc634772a59c94c644470fefe510b4e009af8e15353fa31f6bcdf9,2017-02-14 10:13:36,"(2016-08-01, 2022-08-01]"
4284,4284,8e6b3962abc98d34056cab3b8849cc23b8d96ffce640a92fb52dd05d00f1af39,2017-02-02 19:36:20,"(2016-08-01, 2022-08-01]"
4317,4317,ade0519fc5dc57287935d9a0608604b9a6e07eaab3220d0191a07e5026aae710,2017-04-27 11:07:52,"(2016-08-01, 2022-08-01]"
4318,4318,e78efa224633c56e67d56a39fa6d9f7e28a175a25b845e93b1094a9400f2e708,2017-06-30 13:00:40,"(2016-08-01, 2022-08-01]"
4325,4325,f8496ce1eede35003f2958e65ffd8ee828e7686a6724f381bd7c3bca6fc4595a,2016-09-05 23:01:30,"(2016-08-01, 2022-08-01]"
4331,4331,4939dbc5a513ec992eec7d7ea23661d578c3187bce5512dbc25bd4cf8ebbc529,2020-07-02 17:25:40,"(2016-08-01, 2022-08-01]"
4470,4470,3539fb893dc3800855f76d27764d8751b7e2419a076b2f4447623f07b040ecd0,2019-11-05 18:03:46,"(2016-08-01, 2022-08-01]"
4640,4640,a25cd6af006a74149f49f3fe5be3027682fa93d00e0e68e2974302d26c1325d7,2019-09-03 10:15:18,"(2016-08-01, 2022-08-01]"
4653,4653,81ad2337d7b381562e8e5847e25d2f7d868bdf96886c3a7248e10683d94ce107,2018-07-17 18:31:10,"(2016-08-01, 2022-08-01]"
4665,4665,9d1ba39db121e440e4864172c4a8277d383e8e140df70d4f57b9f4e0288ecea8,2016-08-23 16:35:10,"(2016-08-01, 2022-08-01]"
4745,4745,f3a26bcbc2e376048f7fbbd86abc779b394ad4cea5767de213018c452a6fcae2,2016-11-02 17:56:02,"(2016-08-01, 2022-08-01]"
4750,4750,f2c4a39bb7108d8325d485969345dbe768eca1e06afb7e232305193097dc5112,2017-07-06 14:10:22,"(2016-08-01, 2022-08-01]"
4817,4817,ff7c3658c6364dc913e1ec23b29b44e4589066cb8daa7e0509ee2a3e9fc58c8d,2016-09-19 23:49:44,"(2016-08-01, 2022-08-01]"
4867,4867,61dd3da41f1b75143cc9d4ddb53fbc4cc9a6d22474a55326d4b2d9421a359b9d,2016-11-02 14:46:30,"(2016-08-01, 2022-08-01]"
4891,4891,7871ad9b44aab3c0c8eb860d0853d8559ae90ce5f5d426e81fd282fe2d145b60,2017-04-19 22:48:40,"(2016-08-01, 2022-08-01]"
4953,4953,e73bd3e7295e0d318218b812df249202617db54beefb40b8e3b2dcc703a53bbd,2020-07-08 14:58:10,"(2016-08-01, 2022-08-01]"
5007,5007,66a9816e4e526d4c5f0acf1e00cf70818df82aaaa3c785c35590fa35809c51cf,2018-11-26 17:38:40,"(2016-08-01, 2022-08-01]"
5062,5062,1f86ab53e19e699071eb195c96389496242d0cd8af18cc5eb1b862ddaa05dae2,2018-01-17 10:27:46,"(2016-08-01, 2022-08-01]"
5092,5092,247bc830ddd9b23fec4fb5e7e493a11be7a935201df118a45648ef6d5cd1554e,2020-04-02 16:02:38,"(2016-08-01, 2022-08-01]"
5119,5119,8015e77f34ebf1543d144df1412ea31311c331329bc505f00e06e0ad2dece17f,2016-10-14 10:57:06,"(2016-08-01, 2022-08-01]"
5182,5182,ca1f8ab716e7de3725a53a756c3961b080db4adfba69ea42b2f56500803abc7a,2016-09-09 19:25:56,"(2016-08-01, 2022-08-01]"
5193,5193,63873849df83140257b6d75e154ed9bee9892395b6c8db48dfe1c56a7aa268f8,2017-04-10 18:04:42,"(2016-08-01, 2022-08-01]"
5236,5236,b2660dcfadc20d5332081c389506ea75488fd6af6e0ebb5d30b7922e17f838b5,2016-12-27 16:05:12,"(2016-08-01, 2022-08-01]"
5244,5244,794eb5d2649c12a0b3503d4a91158edb126d9534acbc4046e329accd6384adc6,2020-02-19 16:38:00,"(2016-08-01, 2022-08-01]"
5256,5256,5e5895fbb3debe5f9fd5d4a89e0004748cd8a3f48ec7d3420b65915697a3b125,2016-10-31 09:23:24,"(2016-08-01, 2022-08-01]"
5270,5270,f36cf5e130d6ddfa09e2be72e50d756bc89c3185219ee3c2cbc9f12e0df847f4,2018-12-02 12:44:08,"(2016-08-01, 2022-08-01]"
5291,5291,d80779125e4bb9ff39caac1e30d3620c8a6a37838d9ff40e5372497fcc899b37,2017-01-12 14:49:36,"(2016-08-01, 2022-08-01]"
5311,5311,899878fb17649f07e5608285d6ac8c6d775a53bb209b2dea32fd316a6dc1cafe,2020-04-10 00:05:06,"(2016-08-01, 2022-08-01]"
5358,5358,4b6abad0be5bb7a510942101daf95674a83b9b32be4c2e7c498673ee4f7b2f2d,2020-04-07 10:00:24,"(2016-08-01, 2022-08-01]"
5429,5429,4706284fac0ffabf5579147b08a8bb5d3d1cd2f3c3940b30d6da6cd5319257b2,2019-08-30 23:45:50,"(2016-08-01, 2022-08-01]"
5435,5435,467a89ab9c9d3030c2e28a5881da4740845754226f75a6569a083eef25409446,2020-02-15 10:22:50,"(2016-08-01, 2022-08-01]"
5468,5468,240efa3b325914fb2ceccb3bdb21ac9bcaf639068d7b8c493214283c6f1fff43,2020-04-24 10:06:16,"(2016-08-01, 2022-08-01]"
5481,5481,86c952bc0e51d4d96a18d5f4dfd661b11a705dc397cdd73c4decbb9868318534,2018-07-17 15:47:08,"(2016-08-01, 2022-08-01]"
5497,5497,5df937f1990095ec5d5e95c581f51f9c48863c5c2069c9d874a351163bcbffb0,2016-09-30 17:12:36,"(2016-08-01, 2022-08-01]"
5550,5550,d6c2a08168e1b93eac37042a1a34de8b10d58f11e2103b55a98ca3f71a5ac05b,2017-04-18 11:13:10,"(2016-08-01, 2022-08-01]"
5559,5559,fd6cbffd66d70cac14b30299fd08a6e02a2e3adaff927853897293c7c2ec9e70,2017-12-07 03:47:06,"(2016-08-01, 2022-08-01]"
5567,5567,b66831298d20b535fc61fbbb975fa91e8b36150485a8997f7c34934105eab024,2019-11-11 19:26:48,"(2016-08-01, 2022-08-01]"
5569,5569,5ab76ad16f62b9f42e7ec388a6fbc90efe86db82124b249267b0666b48fcd4ff,2017-06-05 15:56:24,"(2016-08-01, 2022-08-01]"
5583,5583,3248f581e7394aa497e0d71251a8be7849254d19f0692369d4e47fbbc26f45bd,2016-09-30 17:16:18,"(2016-08-01, 2022-08-01]"
5593,5593,a82dce645ac2585d48f1fabbebc087d7928723e392b54ffabb6a054221b24881,2017-05-08 14:02:38,"(2016-08-01, 2022-08-01]"
5703,5703,ae4d70a22d08b0c85162034cf187eddad39f5836013ad3c4975a9a7801631127,2016-08-22 15:56:34,"(2016-08-01, 2022-08-01]"
5719,5719,776cdf196767491954bd60658fd484644d5df06d04111f6d92a92cf27b8c1bea,2016-12-12 20:08:12,"(2016-08-01, 2022-08-01]"
5720,5720,762dc9e20de78bfc6fdab4b7f48b0f1da92f1a5399dc129e9f5b0cd2f3858b9b,2017-02-14 11:16:40,"(2016-08-01, 2022-08-01]"
5730,5730,453563cafd00ea40b45c41253ba2b69d0946c115884753c64aeaaabd952b237d,2020-04-09 19:27:26,"(2016-08-01, 2022-08-01]"
5747,5747,d3ebcc9b234668df8b4cbaa8433a3ea1916f4c66d56a22a3977ea9d22564a1ad,2017-06-15 22:23:30,"(2016-08-01, 2022-08-01]"
5790,5790,f0954b812361d56e29ab629a84458d932973e8a65ae776f008613e6adde7d691,2016-12-04 22:32:04,"(2016-08-01, 2022-08-01]"
5802,5802,9fd0f3f6da4751358a250a20f5fc3c43d0fc91b8ddaba84037d98ec02aa31478,2017-02-20 13:46:48,"(2016-08-01, 2022-08-01]"
5808,5808,3a0cabb4e7b2357789ae0189c774f8b578e277d8cd011a360ab6fb4716f51b5e,2018-04-27 16:30:16,"(2016-08-01, 2022-08-01]"
5821,5821,b7098c37f167a6d26ebdcdf21b119b635b2013a0c6fda61afca8cb82b8f1fc3f,2019-11-23 11:03:20,"(2016-08-01, 2022-08-01]"
5823,5823,67bebc16228a1ff7724b87b62e8c48dbdde1b6866a50a0a6ea65156f7075dd8e,2019-05-06 16:36:30,"(2016-08-01, 2022-08-01]"
5825,5825,b307544af4ab144e5c249935ffd52b7eda4ce60bb6af696289bd4b2cd3a59781,2017-02-14 00:12:48,"(2016-08-01, 2022-08-01]"
5876,5876,3c1ec68e8fe76af087a4ba40a4910c7f1a821701d4f22e8c9a5c30a4a1896e96,2017-08-16 11:51:36,"(2016-08-01, 2022-08-01]"
5901,5901,86387e1d9cdc73036db0bb681812a643872f22ccadfcc1329a4c3add7ae591cd,2020-06-21 19:06:18,"(2016-08-01, 2022-08-01]"
5931,5931,4aa8224f46726a980af58faa62016100d87a7239019b89f8aa5e42ff5b8e7bbe,2018-04-27 14:22:48,"(2016-08-01, 2022-08-01]"
6004,6004,76d968ccba86b81aef1de9c3c981b43bcce16d4a5b7e6a76142124c5b80c3406,2018-06-22 18:28:24,"(2016-08-01, 2022-08-01]"
6006,6006,9f339af6e0c02bcfa7507d60c2e3bb103f6f5121464b19c4727c637987780ad7,2016-10-28 10:12:26,"(2016-08-01, 2022-08-01]"
6011,6011,98832c620c408e20dc3ade899425626809ba9e492741c59da98cb1630b4ccd4f,2017-09-26 09:50:56,"(2016-08-01, 2022-08-01]"
6016,6016,640879582b87f5c7f03312ffd6637003f17f7b7dd19d125fd09d389a1365f0e3,2017-03-17 14:14:06,"(2016-08-01, 2022-08-01]"
6032,6032,58c1e9e8839dc34b038aed0dfd753b3db74baf9c79137d1b37905759a8b980ed,2019-07-27 12:19:44,"(2016-08-01, 2022-08-01]"
6036,6036,ea74f11be59c012c4b9c714a45146abde827e9d67adb774772e8a4e939d5cc8f,2016-08-23 16:24:30,"(2016-08-01, 2022-08-01]"
6095,6095,b4124a2285d94e9e07cff4a8ba1e71149e178e818555b620619d8d5a74ed2c0a,2016-09-15 15:35:56,"(2016-08-01, 2022-08-01]"
6108,6108,0b62f2ec64810c9a0bbaf43422061b6187a451875ecb7c8db768fc7411c97b75,2018-07-04 12:05:06,"(2016-08-01, 2022-08-01]"
6150,6150,a3396e05dfadb350e43bcc1e95121206faeaaba9d1dbfa5da78ec2d36cc42709,2017-06-01 23:25:48,"(2016-08-01, 2022-08-01]"
6188,6188,4d39b91547359813bd60de2f8a380a77886909d87c3cafa4369ed7e0cd6fe1c3,2017-02-16 22:27:52,"(2016-08-01, 2022-08-01]"
6191,6191,49ba62e7d9c174c5d2f9e1810f56754656ccf24725799bff099d5f925ecd2a26,2019-12-20 13:42:36,"(2016-08-01, 2022-08-01]"
6197,6197,40fbe61e0158d0fe92302c0e1d7985f2def700d15d44b6d9dd2557596ab8ed3d,2019-07-30 14:47:16,"(2016-08-01, 2022-08-01]"
6220,6220,97b43dba2e1d8254ef96ba5bcfae51589829c71e165588aead3197c4631d1a3d,2017-01-09 16:57:26,"(2016-08-01, 2022-08-01]"
6280,6280,98a1ddf4dfb146df0b0abcdb68c1bf7ad1209368b7fb081135652aa40b9a2467,2016-09-18 16:58:56,"(2016-08-01, 2022-08-01]"
6281,6281,4a8d821cee0a9fcd5c48fe7e619ad7b8fd92211dd349bc9b24190b6b2af6ea86,2017-02-18 06:01:24,"(2016-08-01, 2022-08-01]"
6326,6326,65a3c595ddb85f2a05d5f4bd7125fbea5c8de5cd3291bf80b5d41afae7ab15a0,2017-02-28 12:56:40,"(2016-08-01, 2022-08-01]"
6431,6431,88c24dcc0ecb4c5666beb141298b1af1c9aa2f95dacd10fe2b5dd7d19860cf24,2020-07-14 10:06:16,"(2016-08-01, 2022-08-01]"
6462,6462,0db4bf0163def7e63b6388409d7f553c89cc21e76e9627658ffac85c90bc0e6c,2019-06-14 18:01:42,"(2016-08-01, 2022-08-01]"
6493,6493,f3a6d19cef92dbd19a77a3b8d3b87040d3f76a73e7b8154661f4d6e4e79e4a4f,2017-03-30 00:21:46,"(2016-08-01, 2022-08-01]"
6563,6563,4e7d47fdd477c2a3da0eb162cf11791a29d6bcec2221b18c1cec55170cde284b,2018-10-25 21:58:44,"(2016-08-01, 2022-08-01]"
6575,6575,f9d840a3539333ee2567134f9e4a97b15fd44514ec24f0d4b7767548b03b46e3,2018-12-11 21:34:04,"(2016-08-01, 2022-08-01]"
6642,6642,af95ca9e26102c7b12a2f8755ab379d67993ff6fd8f7e9f4e384dc7759b9fdc3,2016-08-22 18:19:48,"(2016-08-01, 2022-08-01]"
6648,6648,c29bf27ed0a97de8d10133c571cc99112d39863ef81aee4084aedfbc9b052921,2020-06-18 11:02:00,"(2016-08-01, 2022-08-01]"
6695,6695,80bd55eabea572c6a0f8dcf0a20f3ad052870de04ce722147dd045edb5acdd8b,2020-03-07 20:38:30,"(2016-08-01, 2022-08-01]"
6753,6753,4a8bffbed535bed956a4d1457ec7ebe2b388e26347f735a7dc79a9cb5d70554a,2016-10-26 10:26:50,"(2016-08-01, 2022-08-01]"
6755,6755,3a8ce805cb1a4cf14dd8d025f5c977c068e7eda5f51e5b3b25096b472067229b,2016-08-29 10:46:58,"(2016-08-01, 2022-08-01]"
6768,6768,b52a8aaa008feb08a366a6134b9e905faad62f4e1faa4c9783d793d3c7d7b24d,2017-03-31 17:34:06,"(2016-08-01, 2022-08-01]"
6797,6797,c320b5e1e7881a056fcd980c7da47bf41ad67fd81e3d30c94280414c6a11e999,2016-10-23 18:54:12,"(2016-08-01, 2022-08-01]"
6802,6802,de0e4728c2622d708bab7711eb6cc2d1d3319250ed2c547646c12603c2ad5063,2018-04-11 16:06:16,"(2016-08-01, 2022-08-01]"
6828,6828,04e3e572412ae3d54bf2dbc421a168e3a631a6c304ec2de21e275b7978877ea1,2016-08-15 10:41:00,"(2016-08-01, 2022-08-01]"
6892,6892,5d17842efa0d7e8d4c6461ad92222e68d5f438a5f83f8a6974802ff786fbf9cb,2017-11-21 15:59:20,"(2016-08-01, 2022-08-01]"
6938,6938,8c7d9ee4a66832223813f5c00b79ad3c7a50bac147cd55d162038e7716cddc37,2017-02-20 10:30:04,"(2016-08-01, 2022-08-01]"
6941,6941,06a77fee919b7c8a16716a8ef04f7ca497a0b77c67a8f8eeef661c3611cba922,2019-04-24 16:26:42,"(2016-08-01, 2022-08-01]"
6942,6942,1c9d579263f0030719e23f5ef5e82fe9918ae3f7a55c757c0cb5c37c4c0e89c9,2017-01-13 16:00:54,"(2016-08-01, 2022-08-01]"
6967,6967,e5489cba1d3241a78b94e59d789b931c666aa7845a7f3220dab2da990e6f516f,2020-07-21 23:36:10,"(2016-08-01, 2022-08-01]"
6968,6968,2c841732a94a4b5013e80dac07271a47e7b52f66be9c22e7c8d0b42ed6dc4955,2018-04-06 21:44:16,"(2016-08-01, 2022-08-01]"
6993,6993,314dd691fb69f47b1a4678f1466374c9cdadf3d403f8e0bca311f4ca760cdce0,2020-07-21 10:59:44,"(2016-08-01, 2022-08-01]"
6999,6999,b1924a9df4d364c3f149379d8c22d8c18d3f1116c1848f069cc6c84b7f28bec9,2020-01-22 17:19:00,"(2016-08-01, 2022-08-01]"
7009,7009,69007f96dc63e64be4987f98beb6b6188b9f0e9a6095d341786429ea93a625fa,2019-09-26 19:02:32,"(2016-08-01, 2022-08-01]"
7040,7040,293da662e69c7f787f4bdbccf830b0032489006e3cc6c11939abbb16d6af8bc0,2017-11-06 17:19:16,"(2016-08-01, 2022-08-01]"
7084,7084,bd585f5fff2c7961c6b51f0d5ffa6a1a9713ae7de2d72d336a41518539038887,2020-07-24 15:36:42,"(2016-08-01, 2022-08-01]"
7116,7116,15c51e8bdb7c89561804f0a7c0e4a9ec72532e55b76c1fac4b9a47d85018b19c,2017-07-11 15:57:22,"(2016-08-01, 2022-08-01]"
7143,7143,13331e9057b144b04cd94496c141342023cda64b006fa236a1b2592646b034ec,2020-02-06 10:35:44,"(2016-08-01, 2022-08-01]"
7159,7159,ea554a384de923dca3ef34b310c3e575be8a1765dd4d483dff8b5ce7a19cfd6b,2016-08-11 15:25:22,"(2016-08-01, 2022-08-01]"
7166,7166,adac9f76910d1a6d475e4359ea815323acfe6bc515a3c7978fbaec2309bc3772,2017-04-30 13:33:50,"(2016-08-01, 2022-08-01]"
7179,7179,71777720b49228d421aa6327c16eb70b729ff81a0d6a20cb63d4c0799e17c99d,2017-02-15 17:11:24,"(2016-08-01, 2022-08-01]"
7198,7198,3c2491100c9002b2afb1e44b60e60848777c7d49b84cb93f412829623a8e0087,2016-10-30 09:03:44,"(2016-08-01, 2022-08-01]"
7203,7203,f1f729d4052bc1ed6e29e92aeb526de985442deb29bbd9a8baee33906a46fc4f,2018-02-09 12:26:08,"(2016-08-01, 2022-08-01]"
7245,7245,27942659d7a7531e56c9c6fcd680a615dae9c657a6f7e4c660d57551d9113bb2,2017-07-18 16:04:10,"(2016-08-01, 2022-08-01]"
7254,7254,0a368dda33821b671ae92fe3e485e63e766e6eef20360341990d31f80eccd37e,2017-08-04 11:44:50,"(2016-08-01, 2022-08-01]"
7256,7256,44bc57923a715e92fdd20760cc8b1f4cf1eafadb3dc993341e2227990d29190a,2020-07-06 16:26:04,"(2016-08-01, 2022-08-01]"
7258,7258,84ad974e0bfad72263e3eda47e348c6ad0b4493c141fb160ce49589179538347,2018-11-09 16:25:54,"(2016-08-01, 2022-08-01]"
7261,7261,735fe74b30848f2c01a8656dd32086d0853661e86ef1cfff880059bbed9cb7f5,2017-02-23 22:06:06,"(2016-08-01, 2022-08-01]"
7271,7271,29742adaa621c658362e66431b1552106eeaa1488331cf82b105d79c1fa0881d,2017-09-22 15:55:40,"(2016-08-01, 2022-08-01]"
7285,7285,ecf670098ecf245769fcf3c049d4c24b235a16f8b57498aebf9d326f52e0df9f,2018-07-13 16:49:06,"(2016-08-01, 2022-08-01]"
7287,7287,61b478cff5422c0f5bf6ab142c6b2a029a2d95aa46ba1000b00bbaac95fb5db7,2020-04-10 00:05:06,"(2016-08-01, 2022-08-01]"
7289,7289,6b810235d3128ae0d158841c51c3f6666d981a1fc4ea15e8b32d73de4e67caaa,2016-08-02 15:16:16,"(2016-08-01, 2022-08-01]"
7310,7310,6e88b3b93b28b6280c3f5f116efa4fd28752b99a18bb3304e019e7f82156da2f,2020-04-03 23:05:30,"(2016-08-01, 2022-08-01]"
7316,7316,26a06f2cc55a01b235cf7e4fa074fe595591003bc7b390a069c3ab1ce90b7599,2016-08-22 10:40:30,"(2016-08-01, 2022-08-01]"
7317,7317,93e785d01f1cf69fd8e678ce53f2a35923c46002e1ffa6e0e6731137f0fa67e2,2017-06-07 16:12:32,"(2016-08-01, 2022-08-01]"
7335,7335,70aee7d8563bddd940a67669cd310ef8a59aca1c29e6afc0c1bb8487c9ef1624,2016-09-09 23:05:34,"(2016-08-01, 2022-08-01]"
7353,7353,ea641924055bb3f79baa1f37e9f61eef4892dbdf2fe7c40a7d13fa1c8fff922f,2017-01-17 21:58:06,"(2016-08-01, 2022-08-01]"
7359,7359,87935aa58ab9d4c6939f28f88dd66df899e792150413be70825d937c738c9770,2017-08-24 10:39:28,"(2016-08-01, 2022-08-01]"
7387,7387,c2e4e7b0e44e35626abd2b5dc5c2614d3b1b184a30bff092e01a1460501c40d9,2019-05-30 12:50:08,"(2016-08-01, 2022-08-01]"
7415,7415,0311c7bb2b38c8c07cadbeddab1e6eb1d89e1ace0334f67cd3fdb314c502ca0b,2017-05-31 15:29:34,"(2016-08-01, 2022-08-01]"
7418,7418,4841e59cf21067702bc67e1a2e4c452024df05021eafdc7d5a04535bb17cbbf9,2016-10-31 15:09:14,"(2016-08-01, 2022-08-01]"
7465,7465,5722be24c700fbbee340fef6ad8e39036d81f5ad2c8954d94a9a3d646df9521e,2017-01-09 13:12:30,"(2016-08-01, 2022-08-01]"
7480,7480,a3ec1f58e9482dd6b2f26eb21e9b1e0dd0901aedcf37c93bfea9ad196df26a12,2016-08-22 11:55:42,"(2016-08-01, 2022-08-01]"
7496,7496,edd4c4c706adf868e24b0663d22c461807466317fe3f17b90187bfdf8b2201d4,2020-09-22 16:32:26,"(2016-08-01, 2022-08-01]"
7499,7499,3b1c98385db51d65ce3fd7bbddbd5dae8c56a006f468747fcc098fbd45a724d1,2019-10-18 14:45:28,"(2016-08-01, 2022-08-01]"
7523,7523,926c38a55bff8ea900b6e35b7dae16ad748a8398c3c38aa95067d2c0a0544fe9,2016-10-26 08:46:38,"(2016-08-01, 2022-08-01]"
7571,7571,40ba6d4cf3f9df9d7f8538a52b30eaa1ceb9c26dece17788e38058b73b863040,2017-10-16 09:31:14,"(2016-08-01, 2022-08-01]"
7594,7594,dfe774871cd2d2bbd628426f60a6bc54eaeaa95119a2b9ff7f74b084336b2d86,2016-08-06 09:22:12,"(2016-08-01, 2022-08-01]"
7600,7600,a37d0b56a02f5b70750e3987a36804b470d1189f8dc3b7ae305ee55e647713b9,2016-08-14 16:58:48,"(2016-08-01, 2022-08-01]"
7651,7651,ad1ce5b1c2ff9507110dfff5226f247f89d6e00b2a90eaf251f9733aa311c5d3,2016-12-10 04:50:50,"(2016-08-01, 2022-08-01]"
7692,7692,3e399a611a3d495d491b85a1d1d07da258d67a48e7ab594bfe290596917ae8df,2016-08-01 19:49:54,"(2016-08-01, 2022-08-01]"
7748,7748,190c9515e3715ace71ae27d601cf12d4e3a0c3883f74800eb5a7b6218f384b26,2018-04-12 22:29:20,"(2016-08-01, 2022-08-01]"
7796,7796,864c2b3cf94325410ce566786b3f6c23305bf3a4a98a296f4d760906462b0aac,2016-08-09 11:08:22,"(2016-08-01, 2022-08-01]"
7800,7800,4a4309c9ef95ee4bd6b4aa13ede522c524437b9d1dd91566bef49f8e1ece3140,2017-04-30 11:26:30,"(2016-08-01, 2022-08-01]"
7810,7810,2f880f29a9c4239a50447c56a60f4ee12636afc865b3c7c23130a4c87bb6efc3,2016-09-07 09:41:08,"(2016-08-01, 2022-08-01]"
7812,7812,50c76dd6d03c7ad00525baa5942e125e60c21651d34c5e344a9ec2eebe87b792,2016-09-09 13:51:28,"(2016-08-01, 2022-08-01]"
7839,7839,6a17a2c76bcc242a6988b599147c1d0766903f340840698fbaaa94c48d7071f7,2016-10-19 09:55:16,"(2016-08-01, 2022-08-01]"
7879,7879,99b0e114087adf524344b09e93012e2cd5554e79ccc407ee9a09ac20d6690b25,2017-04-13 13:47:06,"(2016-08-01, 2022-08-01]"
7885,7885,aaa2b4c16596021cf0e73e3b6f57ecc52202d0c20497326850b95a1f9a4c5535,2016-09-13 19:58:00,"(2016-08-01, 2022-08-01]"
7894,7894,0511f26cab767b3e3cf9996b2f17359c0387841464131b9444ce1566dec31e4a,2016-09-22 14:56:22,"(2016-08-01, 2022-08-01]"
7987,7987,3d956ecc1d60a09d92031f49d494ff9c99201535028d33db954825846f67dc39,2019-01-03 11:17:16,"(2016-08-01, 2022-08-01]"
7991,7991,76576a079880e6481974ef7daa3b08a0618926d1c43a1c520cdff06f1de4958d,2017-07-07 20:43:18,"(2016-08-01, 2022-08-01]"
8010,8010,e47bf323374d1becc2fcf5c761961b7dc9aeb8aebd4ed7b854dde5f59dcc5ca1,2017-12-02 17:16:02,"(2016-08-01, 2022-08-01]"
8070,8070,f64c42be6a01e5e7dee5af8084d8d681e493d2b0345f30d17daeab40a8a485ef,2016-08-17 15:25:26,"(2016-08-01, 2022-08-01]"
8112,8112,b640f47fa0838f919aa3899d0c4b8df63f04a22433496c18f3ff2fdae0df403c,2016-12-01 15:14:20,"(2016-08-01, 2022-08-01]"
8143,8143,0a9f9725390a814c5a89e9211e474a1e7da4bce89ded38cf6879a2674b2a5402,2019-09-09 18:31:28,"(2016-08-01, 2022-08-01]"
8145,8145,330504d1a6a4c576734e9c985b61f0a4d515a2ebf54da019bef5301870f8deac,2016-10-18 14:13:18,"(2016-08-01, 2022-08-01]"
8156,8156,2158200be31bf8754db6ac8c5e5a110ba706a725111633d5b6276d8f0a0746a2,2017-01-06 11:41:14,"(2016-08-01, 2022-08-01]"
8170,8170,06a5bf2600a20dfd31882c8c9d2e6cb23883170d4ebd2cc4c2c0aa1d88f6a114,2016-10-25 16:16:24,"(2016-08-01, 2022-08-01]"
8226,8226,b953db29208d3cd6670d55eca25f9228d54c151fb5f12d6144b5a118b26ac249,2018-01-17 16:07:30,"(2016-08-01, 2022-08-01]"
8257,8257,40c52d089c02a7ffae38b3ccfe6c364902586b88626fc700cd3a725461cf4de0,2019-09-26 14:41:44,"(2016-08-01, 2022-08-01]"
8290,8290,5f5bfce7e1ef989a8784f18af634fc5142ce7ed3f840a8371d4ff90c342cadbf,2017-09-06 23:44:48,"(2016-08-01, 2022-08-01]"
8326,8326,30b0f1c891a0ba10c5ae81532dde1c707097e7d547646fb709f4a0b2cb19e8c0,2017-08-16 11:50:34,"(2016-08-01, 2022-08-01]"
8340,8340,6ec712c1713532fc93e2fcd0f3b6a8e89e935755a3c8bc5412ad033708f03c4f,2020-02-19 16:32:18,"(2016-08-01, 2022-08-01]"
8385,8385,777d5634dede78aeaf9348e4675a1f45c9a3930b4d33fc66b7d924ee41d5beba,2017-01-08 21:45:48,"(2016-08-01, 2022-08-01]"
8400,8400,856450e1a922fb114efa25be24188e96e59bcce951aa4ad7a4e69665908c5dd7,2016-08-07 19:52:54,"(2016-08-01, 2022-08-01]"
8409,8409,51891f1dfb79d4cddf42617cf4aceb1a42413de80edf1c585b1cca25e546b6b3,2018-08-31 16:06:24,"(2016-08-01, 2022-08-01]"
8443,8443,58f28c5242aca1946d96af75b44b69eb47895686b29cd28f6a831903076b95e4,2020-02-24 18:44:04,"(2016-08-01, 2022-08-01]"
8475,8475,178c14844dc042a78beab50ee1d191274449017366fa0482944aa849d6858541,2016-09-03 22:26:12,"(2016-08-01, 2022-08-01]"
8490,8490,f6a65cd40e763e7359ec212d0d87e66db7dc1f71423fef4dd53f06992d9dae98,2018-12-17 15:15:08,"(2016-08-01, 2022-08-01]"
8503,8503,b03bad628c28d3a2d3c1edac1421fba8fd0e4d521c5c2e63e5a8190e07158003,2017-04-13 19:41:02,"(2016-08-01, 2022-08-01]"
8524,8524,8b9ea1922e581c4e8134701b078fb7a693c8ee5b84d949f7aef2d22411a3d6f7,2020-04-30 04:35:28,"(2016-08-01, 2022-08-01]"
8535,8535,f46bf9e424cd5894db699e43d36187f53a58d97e953ae6d47b0be995f3b8db2b,2016-12-26 22:22:16,"(2016-08-01, 2022-08-01]"
8605,8605,1cffd150ccc256d2a4691822378c0c30f84a21c5e51c465ee8aae9b06c9ce4b9,2017-09-19 11:43:38,"(2016-08-01, 2022-08-01]"
8606,8606,3fdf26e4f90d4b7aefe00d434d8f20192109c667e6b19e57cdeb45434e1df07f,2016-08-15 21:23:42,"(2016-08-01, 2022-08-01]"
8628,8628,f5bce0c392a95cf0804c593cc867289a037b6250df6f61ca66955464edfdffe1,2017-01-26 17:21:28,"(2016-08-01, 2022-08-01]"
8654,8654,3c4d9e091b25479abc00b4ee2ed1313239a9b88e7bc633dcfb0b9830c879da58,2016-08-26 14:32:08,"(2016-08-01, 2022-08-01]"
8666,8666,ce4c53234e3a40ee83971ab9d2f28ea5cc40e42857e8a08ed3447d0ce69370d0,2016-08-04 19:13:22,"(2016-08-01, 2022-08-01]"
8669,8669,2a2d1649ed2b1e9980c0191bbcaadec0092528ffa38f67dfb81788bc88b3339e,2016-09-01 14:40:16,"(2016-08-01, 2022-08-01]"
8686,8686,ccd305939c03763fdb977e2087e7f1a2f63137f75aa321d0f503c2817af511dd,2016-08-03 14:19:56,"(2016-08-01, 2022-08-01]"
8727,8727,e06fad41996f6002cd6b62a6b9b8e455292700dfbc910c2ceee294c459dfbcf3,2017-04-16 13:45:40,"(2016-08-01, 2022-08-01]"
8763,8763,78175dcfbc2202ec6e4a80b476755134024c6af6345db32100f03f0a046b6e7e,2016-10-19 18:16:50,"(2016-08-01, 2022-08-01]"
8784,8784,452f9828c2de8213a28f9082ffcdb71581fc5809d5c80e44c9d6645648240a65,2018-01-06 21:27:34,"(2016-08-01, 2022-08-01]"
8797,8797,3f13601f8e03cea12b56b30284f16dd0d1e051b76ad2fba27d8ce78ffa2112a3,2019-12-04 12:56:54,"(2016-08-01, 2022-08-01]"
8863,8863,adab8a5e9347b15bb7a8b26ea3af21e39765ade7071d06ccf803407c583bf06e,2016-08-05 21:00:44,"(2016-08-01, 2022-08-01]"
8884,8884,702c53578c02994d783302a7e1435d7cc2fce2d7f518529b2cb89f233aa9fb9b,2017-01-10 19:40:48,"(2016-08-01, 2022-08-01]"
8886,8886,5c798ccbb919c815e425a9f2d4e619c19d6ae3d01a2e3acdc5fefcdecd2f66d0,2019-11-28 12:53:04,"(2016-08-01, 2022-08-01]"
8888,8888,b0949dca5c5af77caf79d8b67a06448139e01b6de4e8ea7dd462b09deacde407,2017-09-15 21:53:32,"(2016-08-01, 2022-08-01]"
8921,8921,49f0a3f5206a330d248a517cd2ec0a88ae177105962b298fdae051908e2f6f1c,2017-11-20 15:45:34,"(2016-08-01, 2022-08-01]"
8967,8967,292716cffddbe6330e498820410d492fb262f55819022ec76cce9aeebfb6e73f,2020-10-26 17:34:02,"(2016-08-01, 2022-08-01]"
8970,8970,b84bd0cebe883d5a15aaf6e53e88b8633ec05ad1b69b5d1d261a69a67f3a7057,2016-10-12 08:52:22,"(2016-08-01, 2022-08-01]"
8982,8982,6111a8e5cfa6de5df77959f1846677836cb282e6e6b2b27121ed97ac51613f15,2020-07-17 10:57:30,"(2016-08-01, 2022-08-01]"
9003,9003,73110b9c89da2f90fe5d70f6eb6a963b0c29e310eba4ff13ce22df29020091e1,2016-08-16 12:11:30,"(2016-08-01, 2022-08-01]"
9008,9008,642955f0496d97bebb14f23cbbf62199b117e601dbd1466d2dd7982d3e6bfcd6,2018-09-20 12:19:02,"(2016-08-01, 2022-08-01]"
9015,9015,0dd64eea2d0ceca2e63983623620a5532a555932feaa5f7564252caff58e8407,2017-09-14 20:22:00,"(2016-08-01, 2022-08-01]"
9049,9049,3cc9d4f1fa475e4e5dc77e5d8792510fce72dd4ce186bb82c7e25e64a8ed9a2a,2017-04-05 13:09:08,"(2016-08-01, 2022-08-01]"
9069,9069,c0286e2e647bffad05fc864c612ca72be5d58a41e9c6aa0a565bf6164b88c01f,2016-09-21 01:48:58,"(2016-08-01, 2022-08-01]"
9072,9072,f4f3c1ed7e9f33d7d8a6148634b1e03d5b00bb4b220e4dc663036a620db37e40,2016-09-30 15:41:22,"(2016-08-01, 2022-08-01]"
9142,9142,eef71f4c819f923f69681c1de5db22511bdae9d1d06e9391f16e1b8e5b5f8f05,2016-10-06 13:24:20,"(2016-08-01, 2022-08-01]"
9158,9158,e44913a738566e3cb9eff58b7de9975263b9c2418f2417f501093be2c59a980a,2020-01-15 16:33:50,"(2016-08-01, 2022-08-01]"
9217,9217,870f0b235c8f1d7ab36c720e77e609b98b5d47b71e8d549738b63885acf97c24,2018-12-17 14:59:14,"(2016-08-01, 2022-08-01]"
9236,9236,080324068df9a2eddc65b1fb7de1992b2b13350d992fbfc4ab33d93b57af72b2,2017-03-31 00:20:06,"(2016-08-01, 2022-08-01]"
9240,9240,197b767b798260d38a01378b7c91b98516b0c27e4797bed09a4af0e0fd312fa8,2016-09-08 17:05:12,"(2016-08-01, 2022-08-01]"
9284,9284,6e5235d041e504ae25c5a5a601fa73f73a18f45dd9c5bc6c132cb2d2e8d0cc36,2020-07-21 12:56:28,"(2016-08-01, 2022-08-01]"
9291,9291,ca8007b355f12e1cc2c664d10fc6d6e6114b92be519bf38d3d0603e301c17c51,2020-01-14 17:14:30,"(2016-08-01, 2022-08-01]"
9321,9321,f72b277068b6bf6ad725a7ca340a2878bc20ad877f170b53626ba1a998148f44,2019-01-21 16:55:08,"(2016-08-01, 2022-08-01]"
9405,9405,dba4d25e1e7db64221c8cefaad922e0d34d5a9354b9abe039868f88e171c6e81,2016-09-30 17:04:12,"(2016-08-01, 2022-08-01]"
9444,9444,6adea9b8de83331cdeafec860b964bfed2b94f4c463ab8d3f3d4d3c4ff266a95,2016-08-25 10:35:28,"(2016-08-01, 2022-08-01]"
9471,9471,7dc4e191d3bd30e672622b8fdfe538ff635d185817c4d4b08fcf091a461be6ed,2019-11-01 19:44:50,"(2016-08-01, 2022-08-01]"
9474,9474,c793a6faae6e5ea9bd8d8eb8067b8f3d0aa391e20ddbbeb537144b07716efa22,2018-09-08 20:52:18,"(2016-08-01, 2022-08-01]"
9553,9553,c40c907b01b792df740da6fd2f62e7775a354f768ff1fa762b00130f98f93713,2016-10-10 20:40:48,"(2016-08-01, 2022-08-01]"
9636,9636,bcd9a82a5c16d0b42d56d3d49cf9892354cca7e857c10605978583cba2cc7ab2,2018-06-12 13:00:10,"(2016-08-01, 2022-08-01]"
9657,9657,926adbdcfb2ca445837118c2e44d9d078d60dcd68814dc8b520b8120611d1041,2016-08-31 00:44:56,"(2016-08-01, 2022-08-01]"
9674,9674,7511d42f02f6287718c400407256da100d5bc488ba6f0d55c684335d3fd59a56,2018-01-14 22:14:58,"(2016-08-01, 2022-08-01]"
9688,9688,635c7c611cf9a2729a4c22efdf34cd55d2e31e48ca47f3092c0eaf7f80ba8070,2017-07-05 15:02:38,"(2016-08-01, 2022-08-01]"
9760,9760,7d59fdbf03897ec964f2930ab428ab971ab684816686aa53d75df1c903382acc,2019-12-05 16:34:02,"(2016-08-01, 2022-08-01]"
9793,9793,cec8a8bf9f250f94ffef6c22ed7a5bcd5ed603cfd375f85a5500099b2f32144c,2017-10-26 17:46:12,"(2016-08-01, 2022-08-01]"
9798,9798,4d86945bb54fcd8b2b933a4f6a33d4b7f3307b3280da96bfc9fd06a72a11d425,2020-04-14 13:43:24,"(2016-08-01, 2022-08-01]"
9884,9884,c5877e31b23d1eb03f83df0b6f993242795294fa65143810c12859e042132782,2020-07-07 18:27:34,"(2016-08-01, 2022-08-01]"
9886,9886,72a27ba9415c6c8da2e58cb6b862499f224f5621bd1d4093d64556270dacf0cf,2016-10-17 17:29:04,"(2016-08-01, 2022-08-01]"
9937,9937,e05d65940d0591d33ebbe89bfc748ce213c07dca8435a8a0fa26b520e68c9b97,2020-01-03 10:59:46,"(2016-08-01, 2022-08-01]"
9949,9949,c8e77855a2e8719be4d8badd05ab30ee330536a742b3831db3fe667ae5ff0899,2017-08-29 17:22:56,"(2016-08-01, 2022-08-01]"
9990,9990,d5f2e31558129c4abd80f07fec1420fb431a60cf9ee1e1f497b8cee7fa0a688a,2019-10-24 21:48:02,"(2016-08-01, 2022-08-01]"
10017,10017,801857e62737aee30a4964e1bab39164fff2ed0d24c7599f243b12dfcca95d17,2018-07-30 15:26:46,"(2016-08-01, 2022-08-01]"
10065,10065,ccff04feb0b3d577612f0ae9ab9038173cbbe4603035f253acea9fce1d2754c2,2020-07-11 11:26:38,"(2016-08-01, 2022-08-01]"
10177,10177,a7e9f5b63e4ac62d51cdba034d87c46ff5b43fad3599c880cb72505c06516d41,2016-09-05 10:30:46,"(2016-08-01, 2022-08-01]"
10217,10217,1ee9a4549fb995f7d8d69f981b00eb54054c0da4ec68e1019411e0667eb9af94,2017-08-10 14:49:48,"(2016-08-01, 2022-08-01]"
10221,10221,9f7807dc266404712d40254efc453ec36fcbee762eb0fb575f64000f595c02e5,2019-09-29 16:47:32,"(2016-08-01, 2022-08-01]"
10240,10240,d128b0dc4ff9fc664f28d8f33cb6129f828a0cb09928a7382b57d79156b22f64,2018-07-14 19:00:00,"(2016-08-01, 2022-08-01]"
10252,10252,06d672099b6fc74c137b1509a602eb14fc6b9bb9d9c9e0cc45d26afcec772e84,2020-06-23 16:01:52,"(2016-08-01, 2022-08-01]"
10321,10321,62bc1f7806725b181a14fa5b65cefb7fb7d6a9680a501fb6fee79bfa048b35b8,2017-12-18 11:36:20,"(2016-08-01, 2022-08-01]"
10326,10326,fd26fe4984c65b5d81bfd6284a4e34c28cae70999b34217a7988117a993a10d2,2017-11-30 10:23:52,"(2016-08-01, 2022-08-01]"
10373,10373,de4f79a98edbf831b7d5b4a7cbfc2e10a8ad3fcb8d27231127ed69fd22e4cfe8,2017-09-08 12:02:56,"(2016-08-01, 2022-08-01]"
10379,10379,bc9e3e401eaea8d4d27483dbed7d726b1351ab957231679df9367fafd5dad719,2019-08-13 23:40:36,"(2016-08-01, 2022-08-01]"
10477,10477,f9b6b847fbd109a2ae8b8be044916e6450d213b164bc3245b3fcbd713a1050b6,2019-09-30 15:59:08,"(2016-08-01, 2022-08-01]"
10527,10527,e83a951a3c29cb368984da7eb0076402c500d284c925162e07aa65d61109a0c0,2020-01-09 09:27:08,"(2016-08-01, 2022-08-01]"
10532,10532,6d363d69e4ea08fe24abe829454fab9228816ff9f205a4547bc5c5af7cd474d8,2016-08-26 21:45:34,"(2016-08-01, 2022-08-01]"
10557,10557,fa9167186a0ffb8dfa4f35ef0de2675625c265eb6ca1b1ed5819b14a45a33fb8,2016-11-17 15:40:34,"(2016-08-01, 2022-08-01]"
10602,10602,a8eb1cfb970f70fd747dcfd24fd26cc51de62af17c2a69783578bc379e895c5c,2019-09-09 11:26:44,"(2016-08-01, 2022-08-01]"
10605,10605,6409d5114a7739816f284fbaf11c98178c115c35d56f7f06d05f359a6c2edd91,2018-10-21 14:54:08,"(2016-08-01, 2022-08-01]"
10658,10658,4ada0fa25859a1d18cd9ad18676b195313d7c914c313aad2ac8323e0b6dca31b,2018-04-08 23:51:12,"(2016-08-01, 2022-08-01]"
10670,10670,665d2a186ca6a52cacb18205bca37c6d2a6deecf17b59d35fa510c00ec971a7b,2016-08-19 13:23:56,"(2016-08-01, 2022-08-01]"
10698,10698,9a9c704c2a8b47c2171f622f0b875ca526c51a66eadfcc59982647e587ed31f6,2020-06-02 03:54:22,"(2016-08-01, 2022-08-01]"
10749,10749,1539541aa0a127a91027c4e7a402b160b5138583d51e31483e7c5d917c38262c,2016-08-23 18:33:42,"(2016-08-01, 2022-08-01]"
10767,10767,85ac597cbed4ef54d579ff1ce398c4c55df99f3d9dd1a0e118ff08eeb61f2430,2016-10-07 21:07:00,"(2016-08-01, 2022-08-01]"
10793,10793,718bffb188da60c793e8b7c74698b8955eb83fc005476fc1808cc41f39310195,2016-08-09 11:07:36,"(2016-08-01, 2022-08-01]"
10883,10883,4e924cc7bb682bcb33063f5937f86202d8d81ba1fe43adb364333655870570ab,2019-12-17 13:54:18,"(2016-08-01, 2022-08-01]"
10885,10885,6f17dd5c3c2553b31ba3d68c36dc18b153e222c29d2aaabe4a60cde8dbfd9cb8,2016-08-23 17:57:04,"(2016-08-01, 2022-08-01]"
10888,10888,a7456528ab4fb73c78704299f096945aa2d581ef18da5ba8c22ccd750f698947,2020-05-15 18:03:16,"(2016-08-01, 2022-08-01]"
10901,10901,0f25f48efb3c81f2ba45a35cdbb94e7ca1536739bbb2f2510c12541b4f23eb6a,2018-08-03 14:11:06,"(2016-08-01, 2022-08-01]"
10983,10983,13876082f7a783d55ae7584d2aab405886c1f57517b38433ccc1e5d6bc8200f6,2017-06-07 10:37:18,"(2016-08-01, 2022-08-01]"
10991,10991,cde82130c37771af6bb1ea134c6516308ae853ba6a6869332a77fee64a8b6e88,2016-09-13 14:03:20,"(2016-08-01, 2022-08-01]"
11026,11026,a5ca310a58ec2142fd78af35e96139d2ba1b8d4ad28ec1e9890ca246d66d514f,2017-07-05 23:28:22,"(2016-08-01, 2022-08-01]"
11054,11054,0f26381ffd4d7a84513baa4ebe5af35893a4010e8ac6cbae8f5914afdf612d2a,2016-09-30 17:52:06,"(2016-08-01, 2022-08-01]"
11058,11058,2c0e198180d0284e25e405496b312873ed4451bc02e6c89f8e54fb43a5d1614f,2017-01-11 16:13:34,"(2016-08-01, 2022-08-01]"
11066,11066,6fb209a5e96f290974c499860937865f24076307a475e7816980361196dfb3b2,2017-12-27 14:44:20,"(2016-08-01, 2022-08-01]"
11073,11073,db40d2f9105484364399ade0c75b0e7a6507ef8d02940fc4a576f1f1b3b69c11,2017-07-13 15:27:40,"(2016-08-01, 2022-08-01]"
11074,11074,c9076d936dacd619cf97e0aaee5a084f54bcd081277eb5e3c2f258004ec741e7,2017-02-21 12:07:34,"(2016-08-01, 2022-08-01]"
11089,11089,6af9f0096cb2f46cdc5ae97e6128e0be270c5e88b54cea41cdeed72c12477aa9,2020-02-06 19:22:00,"(2016-08-01, 2022-08-01]"
11095,11095,bf7a9615cc685ed53bf8e3ece81cae4e7fb23c93d5b63ff610e6a752eeac3676,2016-08-29 17:17:44,"(2016-08-01, 2022-08-01]"
11097,11097,3a1b8428c2d9924f748a0ae6aa4e6f9580bb24052d3114093c07bdf91dc56ae9,2019-12-19 12:47:08,"(2016-08-01, 2022-08-01]"
11100,11100,691bcb2681dfa5819923c3fc968cb54bb4db6ca9b44449cb070528a3aca42155,2020-03-26 10:49:36,"(2016-08-01, 2022-08-01]"
11136,11136,3caa4ac683e83b252f47e17363d7efc750f62c55e703f76d1185435b295032d0,2017-09-22 16:53:16,"(2016-08-01, 2022-08-01]"
11156,11156,1870250a6b21f98f74efff7f077c96d74bf7878a673eae1cf294c8fbd3be08df,2016-08-18 23:42:36,"(2016-08-01, 2022-08-01]"
11265,11265,226723db5e55281a93bdf15021c9ff1070374bbcc528306f4158f732ccd0a2b6,2017-01-06 16:29:36,"(2016-08-01, 2022-08-01]"
11271,11271,abd6941df53f3b903f355fb34fd2a16374b049d25a99c42e451ca9412e9a733b,2020-10-23 16:50:22,"(2016-08-01, 2022-08-01]"
11300,11300,2182f3db5f8604b1546be69dcba9db9eac1ad090a420f398a51d6d68a085dafd,2016-12-17 16:38:58,"(2016-08-01, 2022-08-01]"
11310,11310,96cbbcb958dc87bbf0a7b2a22cbf224784f6ab62827ab28a59c7f991195c9ca5,2020-07-22 10:12:00,"(2016-08-01, 2022-08-01]"
11359,11359,6f8976a3937bc78228385e491238fd47e16bd7b2f22d8d28715e8011e82e71cc,2017-06-22 17:43:22,"(2016-08-01, 2022-08-01]"
11364,11364,e24bc942d6a8ce2eb12c47a9e874f7acbc8da056a93379e62fb574a14f216056,2020-07-03 12:34:54,"(2016-08-01, 2022-08-01]"
11373,11373,a1de82644a4c6113f338b0b60521bb032f9ea888affaca97f3ea73e9b03c8d59,2017-02-24 21:10:18,"(2016-08-01, 2022-08-01]"
11382,11382,aa75190364b5324f26bf4e98036b351ca0c41418141232d542b5b2bbae7e2862,2019-07-05 10:50:20,"(2016-08-01, 2022-08-01]"
11388,11388,a9d734f339d7c1d74637c7a44768e2593611a86fb772ff95d1be42b9dcc16717,2017-08-03 19:15:12,"(2016-08-01, 2022-08-01]"
11415,11415,e85b60be45ef9a685f83c7447e55c0682784580ddcb9674d7671330e5d6505a7,2018-01-05 16:06:08,"(2016-08-01, 2022-08-01]"
11437,11437,5fd147b8e7e66e91ba0cfd750ab65fce26f4f3bd1e32ce78b84a700c0a2e8301,2017-03-18 09:24:48,"(2016-08-01, 2022-08-01]"
11438,11438,f6fff57fbcbb17ddc73ee467bb8af25462fdc82ebe4395d87ba3b8d27b3ac45f,2020-05-09 13:52:36,"(2016-08-01, 2022-08-01]"
11443,11443,928e2c63f7e92deb32ac90a003ad53343d92a37e22e08af96355abef8ab05eef,2017-04-11 18:59:08,"(2016-08-01, 2022-08-01]"
11450,11450,4f24243c4ecb32968f7e49ba451386a4bf505b2117ad084859f6df65744ac376,2020-07-24 18:24:44,"(2016-08-01, 2022-08-01]"
11460,11460,285dcae9fe9855623788680502e108e3eb8121c41911fde414928650bacd9126,2016-09-06 16:27:48,"(2016-08-01, 2022-08-01]"
11485,11485,804f81b85e8bfe4d1c39af7cbf1179a852147360c284a9669d2f276d43f0325e,2019-07-15 22:25:10,"(2016-08-01, 2022-08-01]"
11517,11517,8ed5f6ec827d46e7a8e6a3e7222f1ab5c1acbc0eab100a0736f251addf845032,2017-02-12 18:08:56,"(2016-08-01, 2022-08-01]"
11529,11529,c368ea076da610ade3bd69e5b2e03083ec86381ee291b41aefe0a448ef3df2d6,2016-10-14 10:25:52,"(2016-08-01, 2022-08-01]"
11588,11588,e868148acf13b4b6574bd26ba54a7cf2c8ade62d3b610a8949e41fe5a52368ae,2019-09-03 11:10:36,"(2016-08-01, 2022-08-01]"
11609,11609,d7078ad5589212966a586f30c4c7998fb46c70e54c3cc6d339c59f3e4f9c48c5,2019-02-19 12:06:52,"(2016-08-01, 2022-08-01]"
11672,11672,19a65090e4da8e23a3c1a7bb490901eacce17f21154b9a0dec4738de80081c95,2020-07-17 15:47:18,"(2016-08-01, 2022-08-01]"
11685,11685,992e58b6fbcddb63292a19b0f68a801cc6c266a6925605c2d178596cc7d6aee7,2018-05-18 14:26:36,"(2016-08-01, 2022-08-01]"
11698,11698,732a50cc8600f468011f20234905d37a546f281d6a21dbe899c6a14b58151bf2,2019-01-09 20:41:28,"(2016-08-01, 2022-08-01]"
11703,11703,5b89c18c7f506c924f3aca48a197f9a981342f6bfd65c04e759efbc4561593c9,2016-09-30 14:44:54,"(2016-08-01, 2022-08-01]"
11737,11737,9f4e07977e838bd185d594594b88dedb2b3c033d1e0baa00734d823f4aaa82bf,2016-10-14 11:41:30,"(2016-08-01, 2022-08-01]"
11757,11757,033e58c198cec86beddd6cba743e6c579ea1c570d29fd3c0b8b17ba0c2a76b62,2019-09-25 04:36:00,"(2016-08-01, 2022-08-01]"
11765,11765,c730fb697b3805622770a20ccbb0bcc9c6631ceb71ea96ec80cc2633ce66f064,2020-07-15 00:40:38,"(2016-08-01, 2022-08-01]"
11783,11783,0f637bd6f49d5c62a366e33cfdc98e870682056e9a08807af0aa8b477a74ee20,2018-07-30 11:35:16,"(2016-08-01, 2022-08-01]"
11797,11797,3971f9d00ad69099967ad0250f976b16e00245b2536b13c0d24840b0bdb014b8,2017-01-10 18:06:22,"(2016-08-01, 2022-08-01]"
11880,11880,dc7bd21bcae7a320f7b0f86f484ccc1070e922268c9828cf1ab08bbe48b63b77,2018-09-18 16:08:46,"(2016-08-01, 2022-08-01]"
11887,11887,5e55a654593a3e30c292e7a2ee544e68563f6a81de1473005c450304d1f48baf,2018-12-07 17:09:30,"(2016-08-01, 2022-08-01]"
11925,11925,219918f9235152f87ce436f3d7c59c7ba073d80b66c39c0f12710408a0e1a832,2020-12-24 22:14:20,"(2016-08-01, 2022-08-01]"
11936,11936,8280abe5f8bf40bfc9b0dfde22e6aa8a0b9050c1d7b26b5205c7dda71e4c12c8,2017-02-27 16:45:26,"(2016-08-01, 2022-08-01]"
11947,11947,b5f85c029fa0b7a326604fb69eeaf10af6deea7910ff226fc49847907138324b,2017-11-24 09:09:56,"(2016-08-01, 2022-08-01]"
11959,11959,fbe250c8c53fedf42a4291a23320abdb546ccd4e40f0d0f9e7009364c4f9b248,2020-07-06 21:17:42,"(2016-08-01, 2022-08-01]"
11962,11962,bf3e317ccd093382055ba7b8cc20bec4e7f204c269b84e093fea33aed5bbd74d,2017-03-03 09:57:08,"(2016-08-01, 2022-08-01]"
11997,11997,8af77fa2f7f3adf970909b95ef3877200831a70e9eb220f12ab7228a1701eee4,2016-09-07 01:49:28,"(2016-08-01, 2022-08-01]"
12029,12029,fb495edc2a37b7224baa5a0516c563cd0f1cd80c4b76194630383bfcb838ca39,2017-04-07 21:48:14,"(2016-08-01, 2022-08-01]"
12144,12144,b4a42136e73ea67306fc45827bf6edc4496a28951ea8a943b6136af3391b8335,2016-10-31 10:05:02,"(2016-08-01, 2022-08-01]"
12146,12146,55ae927bc32c436bf5b08eb869c544ce20c1b52e68b4c944712962be851a8c1e,2019-03-05 15:13:26,"(2016-08-01, 2022-08-01]"
12171,12171,a76ccc73ad37a806641e3821e5716ffba1610c7037c0283f7f7248a67d924261,2017-03-17 16:47:28,"(2016-08-01, 2022-08-01]"
12196,12196,e3729e699bddd91fc3fb6214447c1e9b489a75bc600138e298230cd412a22f51,2016-08-18 20:26:38,"(2016-08-01, 2022-08-01]"
12207,12207,7bff9648ed2afd23eaaf21ea1929a83ce7892400ed821c9621f3ebb8055f8721,2017-12-05 19:07:40,"(2016-08-01, 2022-08-01]"
12258,12258,da41e09dcbd20a15b15cf2235c42a24d31daa896479712e86395515ea63e98ce,2016-08-09 18:14:40,"(2016-08-01, 2022-08-01]"
12274,12274,d413671beedc436b1cc106097acb3e89d9c848d06ca0183b7b1cbd8aedda06c2,2017-07-09 16:16:28,"(2016-08-01, 2022-08-01]"
12306,12306,23eb4f1644c7f612315be5e9f62fcb591925f6d17bf4f8b56ee4b34ea7ce3d9a,2016-08-07 21:06:42,"(2016-08-01, 2022-08-01]"
12312,12312,0a29f3ecb9824be228e8f55e228ca10721a1a36b4038328eb1f553944f0a5963,2018-02-21 12:49:32,"(2016-08-01, 2022-08-01]"
12315,12315,10d8a9c9290cd10b9400fde64025c3423937c6670ca1d8964da1aec1af82a697,2017-12-11 11:44:48,"(2016-08-01, 2022-08-01]"
12321,12321,aaa81904f0065237670b495ced0166a5805470f0c8980dce44d85d950b8f9b31,2020-04-20 17:10:02,"(2016-08-01, 2022-08-01]"
12336,12336,1b15f7ce739ac90746cca61e8206a28b1b347877888fd13555425f15bd76b559,2018-11-26 15:46:40,"(2016-08-01, 2022-08-01]"
12340,12340,d172bd9c1aa51084b9bfe6f8b434d827191372256edb12f6090c737cd33ea518,2017-10-16 09:44:56,"(2016-08-01, 2022-08-01]"
12345,12345,60ce103fc618ce0de405cb07e8589914a56f777148b92c50082fdcfe706e0cab,2020-04-02 22:50:32,"(2016-08-01, 2022-08-01]"
12404,12404,96a57a60a26d4e5c220e25e8c9ed0f99fcab581937b916d28bacc5d3dcea0b31,2017-07-05 15:45:42,"(2016-08-01, 2022-08-01]"
12440,12440,e711c4ac3d6fcb32b238ac04750739e9feaa5f4506924572c317c031036cfd67,2020-04-26 09:33:24,"(2016-08-01, 2022-08-01]"
12442,12442,767658704869aa7be1f3d0796dde9599d25e5ef40e554da205861ba81d77e408,2016-12-15 11:45:40,"(2016-08-01, 2022-08-01]"
12495,12495,d0d72b2f790542e2df611108d0608fe5d7840872c6225338f1beb3a4206c6f2f,2017-04-08 14:59:34,"(2016-08-01, 2022-08-01]"
12573,12573,d7b6e17e6c7aa29fdff8c4460cff1c01748124940a211e2cf04e290301811e0c,2017-10-11 04:09:22,"(2016-08-01, 2022-08-01]"
12574,12574,b18c42e63f9f5fdf8faadded98a04281a7971e65f772568d94066e8f35fcf223,2016-08-15 16:16:44,"(2016-08-01, 2022-08-01]"
12582,12582,a0a06ee9c205d4ab9600955b9c52d5a56bbd0d6de1c4e91fbf2d7bc87f579b30,2016-12-29 14:05:04,"(2016-08-01, 2022-08-01]"
12626,12626,f103fdfe245c90b29fd752634d0d4b3a6c545273b72409c26f0e92113aa6f9c2,2020-01-03 12:01:00,"(2016-08-01, 2022-08-01]"
12661,12661,f20101740c9da6631910c8d7e93f2a675749454d9a525dded98a19be2b61f263,2020-05-28 10:28:28,"(2016-08-01, 2022-08-01]"
12739,12739,3f31b6ade734d02e4356282a7eb2676146ca1fd03e44d7a6e5b2fc8d45872c14,2017-02-27 08:49:28,"(2016-08-01, 2022-08-01]"
12778,12778,0352a69cd44f8a5427f20079af073df4c5ee515b091ad3f67a001a3deb0c46e9,2017-04-19 07:25:28,"(2016-08-01, 2022-08-01]"
12808,12808,c21faf84ff2e8a64a3b41aba93558ac5a0e43ea187fb28ffaf0c417be4dfad40,2020-06-23 15:09:34,"(2016-08-01, 2022-08-01]"
12812,12812,870f87cb46659ad02eb934f02679d2dc05ee28e869efcb0f6f357dd4d4eda1d8,2018-06-08 16:21:42,"(2016-08-01, 2022-08-01]"
12846,12846,85db91efc9a8d36020f6e5f26967969d3f3f2245d5d8437c425db74912c25064,2016-09-01 01:35:32,"(2016-08-01, 2022-08-01]"
12890,12890,96390366d77f887ea45377ad753efbd11fe4c92055eb694ab9ceb1a74e24329b,2016-12-09 08:06:56,"(2016-08-01, 2022-08-01]"
12928,12928,0884352f9683e9fdcffdab27143d150ac453be4644f8b41922fcb69057a9bc70,2017-04-26 15:10:42,"(2016-08-01, 2022-08-01]"
12968,12968,ab9bfc9b7874815876102f7d28c2547f2a6b65ad7e96f0df97f03596d46ce45a,2018-09-19 17:54:16,"(2016-08-01, 2022-08-01]"
12982,12982,bb83d7e81529b4a7a281949291d5cb49fd4ed0ccaab3cb5e589c9213593bd169,2017-06-23 16:02:20,"(2016-08-01, 2022-08-01]"
13003,13003,0d33632fd831779083ac47f6811e31e4c7f12f9bf59f103c5c4e157932e39a7c,2018-08-16 14:30:56,"(2016-08-01, 2022-08-01]"
13007,13007,d44b195b055971e1277106a8c28e1fe38c756bc7a735cbb237dea7b429cb5fb2,2016-10-12 13:27:50,"(2016-08-01, 2022-08-01]"
13029,13029,b6362c068fd30be00e479638ba91ce2795a1370c1400132dabf93799b004d6d2,2018-07-20 23:13:52,"(2016-08-01, 2022-08-01]"
13033,13033,9bad484acc31398bff4737e311acf4e10d9b6b48121dcb9bb9cbf02c354e1ee6,2016-09-07 11:54:34,"(2016-08-01, 2022-08-01]"
13046,13046,999adca3d45ae29537afabffd434892df9b105ead5e4885e63f53b9466212b78,2017-10-24 14:29:46,"(2016-08-01, 2022-08-01]"
13055,13055,8270d3eb316bf7c3e940d7940934ef3cdd45fff21ee911f49cff3b2b3c328e84,2016-08-04 11:36:42,"(2016-08-01, 2022-08-01]"
13081,13081,526797ae34d774859358e756e81593e6dd3e0b7d443f4360581c6f337851829e,2019-01-30 21:05:32,"(2016-08-01, 2022-08-01]"
13155,13155,634c3a541deaf363612be2184712b2b7330fde38903ec948f66c236d74cf7d1e,2017-10-25 15:38:32,"(2016-08-01, 2022-08-01]"
13159,13159,57de88878a0156f83f67f514b473eb5f115761ae1274bc54509be7e87f37fb73,2018-10-10 11:16:24,"(2016-08-01, 2022-08-01]"
13197,13197,00f4c414bba5b6222221cb060bdb39d66f7626779593ebe259cfb987815d672d,2019-01-09 22:14:08,"(2016-08-01, 2022-08-01]"
13229,13229,8dfd3120ec6e785fcc790949374d04117953e4a9ce199cadf871340459988aca,2016-09-09 10:37:50,"(2016-08-01, 2022-08-01]"
13294,13294,96681151cee52e3dc634db3df5b02669156862a2069de0a11804bb7467cbed82,2018-05-04 10:34:30,"(2016-08-01, 2022-08-01]"
13338,13338,ce4bc507e47ce7854f80dbdc464c44b3f72bbb621dd5a74413e46824415b7298,2016-09-07 13:49:40,"(2016-08-01, 2022-08-01]"
13339,13339,fa4e8b9922a8faddd7f1622c873d74b3788958e58eef3f53ce0be59b58f90085,2018-12-21 10:13:24,"(2016-08-01, 2022-08-01]"
13343,13343,98a3954dc924dfe92f0e6264723f15eb00a49a44877d0d0d5ed1a62233bbd556,2019-01-10 17:09:48,"(2016-08-01, 2022-08-01]"
13350,13350,b3b669144139ff8657069bb674c5c32264bc1cfb45e4a4817a82a67632812b2a,2017-05-04 11:00:26,"(2016-08-01, 2022-08-01]"
13400,13400,bc2e1b644451272cb958cf95494b06e775c72d31d742147acff2e3546cf12e03,2016-08-22 13:52:38,"(2016-08-01, 2022-08-01]"
13441,13441,f8594a6ab5167f9c2d40482e92c5e6ef1939af391167a7235335a786dcc62f67,2017-06-30 18:32:02,"(2016-08-01, 2022-08-01]"
13544,13544,61590e7ad4fa07453bdc6dfdc9d4fbd8191046c3a655d6c05da3a78edd20cff0,2018-02-08 22:22:44,"(2016-08-01, 2022-08-01]"
13562,13562,f81ba0dcca3ac8880fda18b47461f44e7a1ee62f604cb59ef3e63c01ce156caf,2016-12-27 17:50:04,"(2016-08-01, 2022-08-01]"
13589,13589,616ab70f172317e916c3f255849d5d46a29dc1514d4cf22ca5e99ef16e8c459b,2020-02-19 17:39:16,"(2016-08-01, 2022-08-01]"
13625,13625,d0fff66b8e2deccb286a2ceb048bed46fb313574348f3bc24a0f9553b94986b3,2017-12-26 17:27:56,"(2016-08-01, 2022-08-01]"
13685,13685,538e94f379df6242e2ae27bb71d965d19e2ca7cb2d897de0a074cf1ebc91fc46,2016-11-01 10:17:04,"(2016-08-01, 2022-08-01]"
13696,13696,ed0aa21c47cf597b8a18a1330501f7ba46d371784acd4f1d5606de31a526b2e2,2016-12-14 23:37:56,"(2016-08-01, 2022-08-01]"
13699,13699,32955df4fe5a157ff34781a011498a23b3a1d8e06a34d6d2931d6a5c296aee6d,2017-04-08 10:49:06,"(2016-08-01, 2022-08-01]"
13723,13723,974437f8d87c1d76cd5b6f823e4a375f1dda95fb673125099b3d0b9932117a35,2016-12-09 08:24:44,"(2016-08-01, 2022-08-01]"
13724,13724,e33d83c42487697c03c1ba010013a4c24a93809b494a698c0f22ff2c75941a4c,2016-11-14 17:52:14,"(2016-08-01, 2022-08-01]"
13745,13745,8eb45279b7b879dded37249770c50ee9503443c477b3d89ef8027d4b8de48136,2016-08-11 03:45:32,"(2016-08-01, 2022-08-01]"
13758,13758,f1025975919b28f7845fd5fe7dd16bc7b349af6724260ef9f9ef35df91273bb6,2019-02-20 18:20:24,"(2016-08-01, 2022-08-01]"
13767,13767,67f2b35998bd6fccba758b83cfa8de2f0688cd47ab1ad7c0f09194579dce88ab,2017-06-02 16:44:30,"(2016-08-01, 2022-08-01]"
13776,13776,65c47d9b4caed1da19358d8e5d58028491b5c792af437f01c367263834cc5d67,2018-06-20 10:37:16,"(2016-08-01, 2022-08-01]"
13809,13809,30a7aafbeb474aa4a7cb869ad0542e6aee29ad510092eb925cb427751fd2a83f,2017-10-12 12:22:42,"(2016-08-01, 2022-08-01]"
13839,13839,59676df9a55d5563af9c0f0aa7d9675c75895b195461659b23c677c7acd26eb4,2017-12-01 23:11:44,"(2016-08-01, 2022-08-01]"
13861,13861,8ca6b7488525e13771718986c53a9e7ebdffb319c4ca5d798053aa3c39e9de8a,2017-03-29 20:59:00,"(2016-08-01, 2022-08-01]"
13864,13864,14511ef5d655bade0bb222f472c5baafaa59bd12ddeffb08a453e17eac215cc4,2019-10-22 17:22:36,"(2016-08-01, 2022-08-01]"
13905,13905,9ff131c34f4a6aea7c873abba7d5ac0eedc15ecd79f639bd0a4cf0434469f3db,2016-10-19 21:59:30,"(2016-08-01, 2022-08-01]"
13962,13962,48d3941400736a9709ea4b8245c51609a5baa40166e900b900199bd7859057ff,2017-01-11 11:05:04,"(2016-08-01, 2022-08-01]"
13971,13971,96eaa2b6cc0c1d7878a042704d75a04b6874cb3a12aea44346a41b1136c2ccdd,2017-07-20 23:13:20,"(2016-08-01, 2022-08-01]"
14010,14010,c8b4ba88a741f2c9c1ff7e893e8b8ceeefe247673f7568c81f3bd9ed9506f779,2017-02-13 14:53:56,"(2016-08-01, 2022-08-01]"
14022,14022,061fa64415abd82cf544641e34762c79e85a0f80868af807782d7837d673ae0f,2018-02-07 00:01:00,"(2016-08-01, 2022-08-01]"
14040,14040,1e18da435f9549578558392996c149149200a2eaf7dca6f3eb4551bd97418587,2017-08-01 17:51:14,"(2016-08-01, 2022-08-01]"
14061,14061,537a44145a0c10e2321a7367a9091a157bbbc73634948b996dc7bc6bb4deeff6,2020-08-10 21:53:34,"(2016-08-01, 2022-08-01]"
14073,14073,81fda395c6712eb25e38f1e404fd4e551c7fb018463138cf8a21ceac6965647c,2016-10-20 14:19:32,"(2016-08-01, 2022-08-01]"
14151,14151,adf03f4f253d0805ffdbc98bf399e5d926a2e4e29de6866ea8d62f0cb9b770df,2017-04-14 20:38:42,"(2016-08-01, 2022-08-01]"
14182,14182,2d4a94a5c5400d2c92cd3a4be2ca19242c54569d6e317beda16857bd4b067e8e,2016-10-10 11:27:12,"(2016-08-01, 2022-08-01]"
14196,14196,a716ceaab35f9a3f0ef80d0156fe12dced6760b1f26e4e3f8c919400ad463cd0,2020-06-29 19:47:48,"(2016-08-01, 2022-08-01]"
14204,14204,e3822cbb87d758bd54880227cc5a30531944dea26081f02cfe21d803abb4c67d,2017-07-03 17:11:32,"(2016-08-01, 2022-08-01]"
14227,14227,61d957b436ad598315576b3428dfae4957b99d4ef67a214db290f8c9ec8ac6ea,2016-08-11 21:27:46,"(2016-08-01, 2022-08-01]"
14284,14284,d7157c94702d441a68d104a5a5c4f77a05364eea36d6d9ee3df6a929f47329ad,2017-12-05 19:11:36,"(2016-08-01, 2022-08-01]"
14285,14285,1fc22d3aadab3aeaf78eb2fc5c2c2eb29d962e39c9b144a18d12dcf54b1c5a67,2016-08-01 19:28:56,"(2016-08-01, 2022-08-01]"
14286,14286,f07294dbcb26dda1f0fb0e6782ec56fbd7603601a690e1b7af326434fa6d659b,2020-07-13 07:47:50,"(2016-08-01, 2022-08-01]"
14354,14354,7028d0fe0d5964d7d413a1668f1b72585cfb2e98466e7337dc9e51e91e1cf048,2020-03-26 20:49:32,"(2016-08-01, 2022-08-01]"
14370,14370,f569dd2d777318ec28edae8dee2e0cd6efdd985c7e101b11b62c20f26e9c02c5,2018-12-03 18:27:26,"(2016-08-01, 2022-08-01]"
14390,14390,23bc579c38c880fc8ab472103909b0a4b401507ab70024602c2201112f531b20,2019-07-05 11:46:50,"(2016-08-01, 2022-08-01]"
14393,14393,74de52e09f57ea90fb5db4394d1b68caf249712c9aaf221174528d922379df2a,2018-05-17 14:25:20,"(2016-08-01, 2022-08-01]"
14438,14438,51aa3471eb2a9888ef4aabf1be7852eca0a0d06c045d69217eeaa461d5baed4b,2017-08-01 20:15:00,"(2016-08-01, 2022-08-01]"
14454,14454,aad276664c64f011c6336a8816a745de90954f7fb22c4d1c4a66be2b409723b8,2017-04-06 12:26:24,"(2016-08-01, 2022-08-01]"
14476,14476,4b9f115f66a3a061850d5b5b3aa15f21470f987f73e18418e8403c62c82083d2,2017-07-26 22:09:46,"(2016-08-01, 2022-08-01]"
14489,14489,4de26113579105c80c3638909ae7d9233b664f0bb79166776e62436882405607,2017-01-13 09:16:14,"(2016-08-01, 2022-08-01]"
14498,14498,6aa2d077f46e80fdf82b5e306c9fc4c2f1993ea3a17e3d64ec321ec40c1e7c71,2016-10-19 09:14:40,"(2016-08-01, 2022-08-01]"
14520,14520,b5baa9cb391c1bbb0dd34157b0c92766b5f8f5b2aaa55fdfa5fde34ed8179660,2016-08-04 18:59:26,"(2016-08-01, 2022-08-01]"
14525,14525,e189241698532be54bd643a6034501b875ec97fe3b683653c9b975d85fc022d5,2016-09-13 15:33:24,"(2016-08-01, 2022-08-01]"
14592,14592,744c2131c088efa3f822510c154cf73d3b772ef751dd5320838282be46c43aa5,2016-08-31 20:40:30,"(2016-08-01, 2022-08-01]"
14637,14637,e8605998955cd75071a96696642379f4a8c659f240232dd59b0cd614bac69961,2020-01-22 14:52:08,"(2016-08-01, 2022-08-01]"
14651,14651,7dc489f1f0aeb9d60f6eea9b7bb7d074a9fcfacf7b1a2dd2947e37b3bc887192,2019-11-19 14:18:00,"(2016-08-01, 2022-08-01]"
14655,14655,61e4759582aea63a2841af93c4022732634c94d683bc48667c8a0220050d0e95,2017-01-16 23:35:26,"(2016-08-01, 2022-08-01]"
14682,14682,e7cde2e9a0cc4c2da5cd1c508a2d58891aca068746c1e84cfaa6644d25861aef,2016-08-24 16:25:26,"(2016-08-01, 2022-08-01]"
14766,14766,d75f7b54058adbbbc9c1185a4869cc92d66975ecfc34583a51bdb356af9b788f,2018-10-19 09:43:40,"(2016-08-01, 2022-08-01]"
14786,14786,63ca8218aeb130d75967a368258397976469ef205a548a8f766469a9c08e6361,2016-10-24 22:25:36,"(2016-08-01, 2022-08-01]"
14856,14856,5a5157365c1def953df058e348388e9dc0c0ed2728f3160296a540ccb3783a93,2016-09-02 08:54:26,"(2016-08-01, 2022-08-01]"
14876,14876,267b7dc2bb5d49fd514c9f42cd9555e849561cc5757a14cec4c63e7b85dc6f28,2020-05-26 17:36:32,"(2016-08-01, 2022-08-01]"
14931,14931,cb317fce5983f62cee35a231098bd641a8738977e0141ed6a8b46f4ef4a6677a,2016-09-30 15:12:38,"(2016-08-01, 2022-08-01]"
15007,15007,01ae760505a3fce7b5e64b2828edd0326ca3f9756b9dc5b9b5563606565b478d,2016-08-16 19:57:40,"(2016-08-01, 2022-08-01]"
15062,15062,a850202888d712749403df20fc9b4f3235c58db6abdaebcb76abaa2c2876ee1d,2017-02-07 13:36:32,"(2016-08-01, 2022-08-01]"
15064,15064,86f03e0ec47bdb1f8c65f149c38d5c38a2c6ae56a18630c2e28b75aef3f8aab0,2017-08-18 15:34:54,"(2016-08-01, 2022-08-01]"
15093,15093,46fe61d847c2803fc5f8196b66108678f9cdc10ee530ce23b8e27f595ec9f7de,2019-07-04 12:04:00,"(2016-08-01, 2022-08-01]"
15107,15107,8155dc31711619924e4a86fea9f39d95bf9a00b54f8f776ce2f6748482dbf8a0,2016-08-18 10:49:14,"(2016-08-01, 2022-08-01]"
15180,15180,2d11cda615db4ecd55beeb5d8dd7b745d318062bbb16f0062e2fe8d883634afc,2018-05-12 10:47:12,"(2016-08-01, 2022-08-01]"
15205,15205,4ffc44b5493d0b0b04ef5d7773dfd14f74fb19e31f6b86d3348b86c6a3791b52,2018-04-28 14:27:20,"(2016-08-01, 2022-08-01]"
15278,15278,7acc09891d99902075dd8fbb9d901be235bf8eba0acdf9e3fd52777b6f4cd27d,2016-08-19 14:48:10,"(2016-08-01, 2022-08-01]"
15289,15289,8602bb40f2b308035472db8a5e73b9df8e7e8152026318164a75e2c1bebccd8f,2016-11-15 14:00:26,"(2016-08-01, 2022-08-01]"
15323,15323,8b50cf0bffa3a716c84991f887b027ba0dfffd3c7c66f855518dee8d855c3670,2018-09-06 12:10:06,"(2016-08-01, 2022-08-01]"
15371,15371,884c8599ec768c0d43ecfab2a26b99177094bb1f02751a6e09f661d2c55c91ea,2020-07-06 11:02:48,"(2016-08-01, 2022-08-01]"
15417,15417,0eb0ef0a935b2de3a8fea01699e38e7bdc79fdc420e2f36bbe4b89c550e3ac70,2019-11-27 16:18:44,"(2016-08-01, 2022-08-01]"
15489,15489,6bfaaf144015eb31d87eddc0adccb13c45014e80e1b9135840612e02aa41648b,2020-03-27 13:46:10,"(2016-08-01, 2022-08-01]"
15517,15517,071b11bde0ad2669b0ae1455618667e7a8f998bc0b4fd7e06cc046bddeaff08c,2016-09-13 16:49:38,"(2016-08-01, 2022-08-01]"
15518,15518,2e302a0ea2ead2353578439555c84ff8002f516bd5bdb3458503235d5d469d84,2017-01-20 06:33:24,"(2016-08-01, 2022-08-01]"
15539,15539,4473d9452c1ea2dcd4f164ba5c7fc35a72770738784df5c74e6c7f926b4c3e4d,2020-03-04 13:58:00,"(2016-08-01, 2022-08-01]"
15545,15545,b2b02782d794d6b01b424772c04deec387ce428de906c90562e2b71facdaf6b5,2016-11-04 10:12:36,"(2016-08-01, 2022-08-01]"
15609,15609,b4765371893ae77b70ff97ae7556447705c9a819091dac74bda68bd056a37673,2016-10-20 08:14:10,"(2016-08-01, 2022-08-01]"
15648,15648,58a4b68338ad0b41b2f34655a93f5bbddcf5afba1300ed589ce4969cc831b45b,2016-11-24 15:20:44,"(2016-08-01, 2022-08-01]"
15728,15728,1a5db23a25c6a1901809676afbd6aeaa547bebd9f11c7d54923a3e59e35e9f6b,2016-08-04 19:37:04,"(2016-08-01, 2022-08-01]"
15772,15772,91c02bef6b24bb58bbadcf0c3aa83377224d88aa5e1e224e3fdb7b784c685373,2017-01-03 12:26:38,"(2016-08-01, 2022-08-01]"
15796,15796,0abc37ddb111a98c489dd2ce82498de39d70810af9b37591a85eaeae9298739c,2020-07-10 01:08:38,"(2016-08-01, 2022-08-01]"
15800,15800,e5b6bf0d7e3cff2c788335464e376ea531e0cfbc5ae5e30443f45cc5ba458037,2016-08-02 05:18:16,"(2016-08-01, 2022-08-01]"
15808,15808,659ac9fd4d48ceaf178888322ff5eb789e18c8ee1d0887bc69f4002129527beb,2020-06-29 19:47:48,"(2016-08-01, 2022-08-01]"
15873,15873,3c3c3957482207f42f15f1dc0f4622b9952c63388eaff23738ea5bfc274349e3,2017-01-19 13:28:32,"(2016-08-01, 2022-08-01]"
15900,15900,e8e5c7916b9b5493fac6812b6a082cb2c50a49dc0c5683f9b11c84a2005cdc1c,2020-07-08 19:41:48,"(2016-08-01, 2022-08-01]"
15908,15908,a5d71ef34d99c01141c9b5aeca08f6873b30943bd05c993176b04d4253846767,2017-03-23 13:47:00,"(2016-08-01, 2022-08-01]"
15913,15913,41dbeece4876fb576f616745da72e79b1a33c757dd6088d5775463ba79ffab01,2016-11-15 17:51:06,"(2016-08-01, 2022-08-01]"
15984,15984,8444719a79f78a361c44237c00994a5bdd80058ed420c21ad216fe3db2f6e068,2020-10-26 17:34:02,"(2016-08-01, 2022-08-01]"
16008,16008,3c8d8c51d7d68328b5bbae3948ea157adc432f1e19a6c07157faec1853244a0f,2017-02-24 16:28:36,"(2016-08-01, 2022-08-01]"
16066,16066,c989ad8543e285b8dc2df337df520163009d4ceee424f078858e1ab93f02d469,2020-02-12 23:37:44,"(2016-08-01, 2022-08-01]"
16090,16090,5fd7e8441cd1781678c5a73fca0be6ab3692bde907a14b62257c19cc0b9fc683,2016-08-29 16:06:24,"(2016-08-01, 2022-08-01]"
16129,16129,c143c64ba6cfde21c4c748bf959b56cbfd0c00ae7f4ada78911c1cd689cff45d,2019-08-01 13:56:26,"(2016-08-01, 2022-08-01]"
16140,16140,029e465033dc28f1dcf61cc6199ef8ac1d6dc2565cdfa0be7f4547caea219bfe,2017-08-13 10:45:46,"(2016-08-01, 2022-08-01]"
16144,16144,5edf6983421ae5d91d7bf748d7f6e2c11dd5032e24a7c19d54588e8668a48740,2017-04-16 10:58:28,"(2016-08-01, 2022-08-01]"
16163,16163,b409cfba225808decb85377e2d7ee5f04b2bc25ef9a542780384b7ef3f8691bb,2019-08-19 12:59:08,"(2016-08-01, 2022-08-01]"
16165,16165,936cd7fa7032974a04f6b093aeda2497b90d41f91568ac3667b23d96ecd33278,2017-03-23 09:10:20,"(2016-08-01, 2022-08-01]"
16171,16171,2bf43da867d5475660ab4cd0de9fa2f14aa83e7b0ad9b729d578d08af41951a8,2016-09-27 09:50:16,"(2016-08-01, 2022-08-01]"
16177,16177,b6a1f7122731bd07bc55258682470928a70b4955ccba90dcc98505470fbddd36,2017-01-12 14:22:36,"(2016-08-01, 2022-08-01]"
16217,16217,17d614fc12a9dd44ce6c693c3b53eb1ebc3b284c5196942efd572323ffa11ece,2019-10-17 17:51:32,"(2016-08-01, 2022-08-01]"
16220,16220,9f931a05a8f9eeebfd879f6e9ef0ba44010b05a2c5daf74a9de5e685990710ab,2016-09-23 09:23:52,"(2016-08-01, 2022-08-01]"
16225,16225,92c714563952b5f56728ed924371579b906147c00466529b5e90b1c1f0c2c960,2020-06-29 09:09:36,"(2016-08-01, 2022-08-01]"
16246,16246,8e59cbf75a4d3cdb68ca85e7a44eca610429e5fd223367b3777c5a540909ace0,2020-06-05 10:40:34,"(2016-08-01, 2022-08-01]"
16315,16315,aa1efd2f2a01b1efa52de276b1f877ce9e317c904c7f9a4d8fcb3874d3716c3b,2017-10-23 22:43:28,"(2016-08-01, 2022-08-01]"
16373,16373,b0ae393464c640ce0099a663e1a5fd2a707604972310bd4f347e1fc960e1d9b0,2019-07-18 18:28:00,"(2016-08-01, 2022-08-01]"
16377,16377,d150e2ba6a0861e4b26e126e79de3b87e35b07accdbed1272b4e2d0724c63299,2018-03-13 20:36:08,"(2016-08-01, 2022-08-01]"
16387,16387,94cfac70ade2222559c959f664742b43c830806c9669b7992c66aafc20541c2f,2016-08-11 16:36:12,"(2016-08-01, 2022-08-01]"
16489,16489,f9181ffde788e990161d1a9cb6de69c633de0742f9b6e32afee120c65d5dd14f,2017-05-08 15:39:04,"(2016-08-01, 2022-08-01]"
16501,16501,bf9177b676e07db2751174debde9a8f33982c57c9cfd2fd05cd90973e95601b8,2019-09-29 15:22:50,"(2016-08-01, 2022-08-01]"
16576,16576,26162b25084500e9f2eacacc3299daab3c0ec6009266ceb1d574a2d3018196f5,2018-05-26 17:24:26,"(2016-08-01, 2022-08-01]"
16618,16618,2409a56090a0b4ec56bc82f63dea73603609629fb96b002235dde7eb0bd359d1,2018-07-17 16:02:10,"(2016-08-01, 2022-08-01]"
16635,16635,04596b41511b27d25aa6df9282f159550f3c5d3c8c324379b131ac3c21641c78,2020-07-03 07:46:08,"(2016-08-01, 2022-08-01]"
16638,16638,145da5326a9f76dffe3dc62d62a60972edaa660fea7749525b310a23f5577d63,2019-07-04 10:43:26,"(2016-08-01, 2022-08-01]"
16680,16680,b19654393fdacccabdd80817104310c4cffc48a5225c227117ab157e4fd752bb,2019-03-08 16:34:24,"(2016-08-01, 2022-08-01]"
16689,16689,d324f02258ac627303d331ae606972f4a07c1002c1771b2b903580fc640b2ebc,2016-10-22 01:34:30,"(2016-08-01, 2022-08-01]"
16702,16702,68071e03adc0cf9f5066da07b75bc5800e9dfd531c7fc967b9ca1a4e7e65b5c4,2017-06-02 14:27:24,"(2016-08-01, 2022-08-01]"
16725,16725,1e0cc55775847fb252ae06236dca93229e2293d2122c6e95b083dc6baa344c88,2017-11-22 16:32:18,"(2016-08-01, 2022-08-01]"
16746,16746,d48ce5fa12c2e15229f7ad0f5bcb97e959e51b085aacb67bbd3eae4e3523a996,2018-10-17 11:02:16,"(2016-08-01, 2022-08-01]"
16770,16770,94b770dcc96a1ec35832ecae2b326baf840704eb07e5c117c3f34c7cf594a99b,2017-05-27 10:51:38,"(2016-08-01, 2022-08-01]"
16777,16777,521d79fa34bf8721bd92069100842f4117dde4be7ca9eaf0f62a0b3a3e1a50a9,2017-05-17 17:43:54,"(2016-08-01, 2022-08-01]"
16851,16851,a0dcc2f34b14881e9434b67ebefaa30b44dde13d6779832b96a12efa89b1d7da,2020-09-10 22:11:32,"(2016-08-01, 2022-08-01]"
16934,16934,1fd686a78a9d8ef2a70a8dd4f8085c88d3d23c48ea2339e93b7e86d6ef9c0171,2018-11-15 11:12:00,"(2016-08-01, 2022-08-01]"
16940,16940,77d08afd08c504ad3cfa09d9b6e2bc2dcdd4e19fc09ec94a11153605c3594722,2019-12-19 11:23:14,"(2016-08-01, 2022-08-01]"
16981,16981,a8023bd5321b3006d770284143779b1a7b27dff6e0f72bc18dee7be710529035,2016-10-10 21:56:46,"(2016-08-01, 2022-08-01]"
16987,16987,9ddac2f70e3026333c2b492912ce37ba0892468736fba1bea10dcd05d573358c,2020-07-27 13:05:24,"(2016-08-01, 2022-08-01]"
17057,17057,6986983b0f6310c106dddff89dbf9a1533a8087100794b114467aeff1fbe3bdc,2016-10-27 20:40:26,"(2016-08-01, 2022-08-01]"
17096,17096,f65eeb2b5820a14589cc38b97c414c32dfab657e687db8a6cd80e2ad3cfc36ee,2017-02-27 09:53:06,"(2016-08-01, 2022-08-01]"
17099,17099,5e1c51d11195b22c98c600ddba43afc1fc248d6d19b299eab80f7830b846c600,2016-08-26 00:35:52,"(2016-08-01, 2022-08-01]"
17101,17101,eb609209582d2deabbfade64b6109e061fe84e074565fb8e94a6cbbe1d327de9,2017-08-24 09:52:56,"(2016-08-01, 2022-08-01]"
17110,17110,5617aefc0083a640838c187145686ae0556d2a721debcd21bb5c021898eea5c9,2020-04-15 16:42:00,"(2016-08-01, 2022-08-01]"
17112,17112,28b94aa3ea5eb3a6b0c57f9d5f34567fea2c8c087b7aaed1b1db0fee69552d7c,2016-10-13 15:35:44,"(2016-08-01, 2022-08-01]"
17117,17117,441ad272597cc7799d385eb96b92ad6589cfbbb6b1a2b597f79ad3e6e999c1c6,2017-04-01 17:06:08,"(2016-08-01, 2022-08-01]"
17167,17167,848b9dadff78de5f5f62044481b31949d904d635824feb8ce00bd8981e04740d,2020-05-27 15:00:58,"(2016-08-01, 2022-08-01]"
17209,17209,88ecc1c6db27bbc3b207884c23fd1dfaf4398bf2c96f603f96e342341187723e,2017-01-12 10:08:56,"(2016-08-01, 2022-08-01]"
17222,17222,64c406560ddd3c602e10b64afb29fb38b659773cb18833adde405c5257261ddf,2020-01-15 11:46:40,"(2016-08-01, 2022-08-01]"
17227,17227,4401fed8727e7ccb8f75f22f7208573b499fd4afeecc0abcbb6f8642c55e6de8,2018-01-11 18:41:16,"(2016-08-01, 2022-08-01]"
17233,17233,02caba6043f9b40c669ddb65889ecb10159ec44a84b128fd55364df9aa8af03b,2016-10-12 16:05:30,"(2016-08-01, 2022-08-01]"
17239,17239,910536c672ae8c5b5259fb11a8ad3d6e70afc79355048f61399a8452e86592f9,2020-05-06 17:58:00,"(2016-08-01, 2022-08-01]"
17292,17292,941f683bb24479a82203ee1413b8294236c89f194c221a63e652aa7c19763f89,2018-06-14 11:03:58,"(2016-08-01, 2022-08-01]"
17293,17293,9b8cc27aa2a0d28c0ffe2b98f3126e71586d2e0b437058198727af1c2664c5ac,2018-07-31 15:00:04,"(2016-08-01, 2022-08-01]"
17320,17320,3592711192ae27a235f5ded4f493d1ad538a9be3e6eb4af1718b13dd742b5ac1,2016-09-12 10:59:38,"(2016-08-01, 2022-08-01]"
17331,17331,a9160ae3cb0c1747cae0d85eab9e83e022fb495571a90ab631f5aeee99067d71,2018-09-29 15:28:46,"(2016-08-01, 2022-08-01]"
17361,17361,cc2ff1eea7ee262fe941f08737f252f91af51ff2347c39e09bb5877f4cffb9a1,2019-09-11 10:32:30,"(2016-08-01, 2022-08-01]"
17378,17378,dad5341f6e26412cf4a50830360ea0a6892c2a2c067050557f9eeafe586b3526,2019-12-25 20:28:20,"(2016-08-01, 2022-08-01]"
17380,17380,1e97e9945323bd4506d38bbda7972475e3197bb5ea91071b4f42eed787d91778,2016-09-30 17:15:18,"(2016-08-01, 2022-08-01]"
17427,17427,093a50fb6277272de3b93b0dbbd14a344260efffc4475b765f6d3879c5a64ef1,2016-09-15 19:52:44,"(2016-08-01, 2022-08-01]"
17437,17437,1e189fd2326d76a25f77d8501a95bdabc17486d2efddd4c6a87e1657a6c9d5e4,2016-09-12 22:59:00,"(2016-08-01, 2022-08-01]"
17455,17455,cdbd98879bec4f5a8d3d50095f92ca00475620bbb8b517d6413a9070a548ddb7,2020-02-28 09:33:08,"(2016-08-01, 2022-08-01]"
17459,17459,c269fcb4af8120bdeb3afef5716135b43d172d526dff35fbd940f8ac5bebd641,2020-04-08 22:25:46,"(2016-08-01, 2022-08-01]"
17487,17487,513c524588e837bc88f6eec63ff9c7789633f90155f666d493b443b094283a5f,2016-09-14 16:53:26,"(2016-08-01, 2022-08-01]"
17529,17529,57b1ea77f280765b1ab454b03f48d41125f41f12cd013c8f6511c7e2480d1325,2017-05-16 11:51:22,"(2016-08-01, 2022-08-01]"
17553,17553,7660009076a3f79e34d2c845d6b2f803c3a92d51b75841fca5f1acda73604760,2019-04-26 14:48:00,"(2016-08-01, 2022-08-01]"
17562,17562,fa9c867fed72e947b651bf3a95772020d9f69fa031d6dd7e8234c2ca297b2c30,2017-11-21 10:54:48,"(2016-08-01, 2022-08-01]"
17564,17564,5883fd2d55db64a89ac69e1822080163a98f562c97da66b72a325dba6bf4d69a,2018-06-04 14:50:08,"(2016-08-01, 2022-08-01]"
17571,17571,ac09f7d9bd7f9832f12617ccb76bb71ee1f3e3a6eee48abfbd79b70dc898be39,2016-08-07 22:22:02,"(2016-08-01, 2022-08-01]"
17573,17573,26a2663e92dfd2d745e1282dfb38e58d92e375703c28168bdc2943461856737c,2020-06-01 16:15:14,"(2016-08-01, 2022-08-01]"
17602,17602,b19ede22d4a1c9bb2f38f4247db110c50638ba469c6c0a31c05cdbd9e5cf6f14,2018-07-25 10:26:08,"(2016-08-01, 2022-08-01]"
17622,17622,2c17b148d39c69e2a97d6a85349d01a67e7dd98efca28437dccdcb024ec5cf48,2016-08-04 13:25:10,"(2016-08-01, 2022-08-01]"
17653,17653,8aff4feb23f599d78e57c591cb85776e4ff60ab05ccbc9beac3ac36e62065edd,2020-04-21 18:37:08,"(2016-08-01, 2022-08-01]"
17703,17703,b34f64a2761ef6a50d18922049a1cada040a3366f98a364a3627df55837503d9,2017-01-19 02:13:34,"(2016-08-01, 2022-08-01]"
17731,17731,64a85723f45e35ddc1a5f05164ca5fa6fdaa90c10c44299c77a07eb1f9e6e576,2020-05-28 11:08:52,"(2016-08-01, 2022-08-01]"
17822,17822,cf082a133f0f39c911456180ff14d4c3f55f94d9942a7c42aaa23c03a5702abf,2018-05-25 16:43:56,"(2016-08-01, 2022-08-01]"
17860,17860,60aa441db2b78d8171830a475e3021907f07f535b84975250ea7d7c70c2c42d3,2016-08-28 11:06:14,"(2016-08-01, 2022-08-01]"
17862,17862,88a6db0be73ee6124d3cd766f20a9a8d3ef35d2dcba5fee8f832ed8dbf01829a,2017-09-10 15:13:28,"(2016-08-01, 2022-08-01]"
17964,17964,d8209fb967868098147fa1a0af55128a9a07516251511c58afa5d28de9ddadb1,2016-09-02 15:36:48,"(2016-08-01, 2022-08-01]"
18000,18000,25c7e188771748f2dcb082bce3ed9fd8f79c5f2a01ab5e5d598489b73d7e4761,2016-09-30 02:21:32,"(2016-08-01, 2022-08-01]"
18019,18019,8e95c8ba02154f4497edbd9f348c7420819467d0041b6399b8007bd876dd5c2b,2019-05-22 18:07:24,"(2016-08-01, 2022-08-01]"
18057,18057,1ee8cd0ff42f86a4874f78555ae445147c6f35e61963034a621e7acb19f8c968,2018-09-28 16:43:08,"(2016-08-01, 2022-08-01]"
18069,18069,0db360d705838f73d06d97000166bb1b93807d2f91ca8b35b26422f77c437c0d,2021-02-02 11:34:00,"(2016-08-01, 2022-08-01]"
18084,18084,16c91d0988225bf105abcd0f05d5fa5d9bca6a9e339ab872631fde3c1c032293,2020-06-03 15:13:52,"(2016-08-01, 2022-08-01]"
18090,18090,ab1420d38546225859d51d2e480e5ea51f446486a0f620291fffcd4de760cefd,2020-06-16 15:19:34,"(2016-08-01, 2022-08-01]"
18195,18195,eb588e379435f07c6436e11362d4f46a9e6e17be5f2f79b3849b94c7e1fc91b9,2020-03-27 18:46:04,"(2016-08-01, 2022-08-01]"
18220,18220,a48c485248522720dfcdd27aaec32c1a2cff6e1be7d9a6cdccf75197ce5821ae,2017-02-20 16:09:38,"(2016-08-01, 2022-08-01]"
18287,18287,e11bf69ee4d653dabb2faaf90e2d0fec53641f85aecdeacc8f498ceaedbd22a7,2017-05-06 20:39:44,"(2016-08-01, 2022-08-01]"
18301,18301,28bc7811884c27c2a093a78d5117145c27f4613dc6d80ccee2df55d6450faac7,2016-08-18 09:38:42,"(2016-08-01, 2022-08-01]"
18375,18375,886d32b65563267142d8ab5dd16ed12405e5da02615ef2bf092c6862db5f5e05,2016-08-26 14:39:30,"(2016-08-01, 2022-08-01]"
18416,18416,f7e77d05cd6e138e2ec38ec83f4fc49032650678a1eed0c7c52d1ea49dd9c1de,2016-11-07 12:35:58,"(2016-08-01, 2022-08-01]"
18437,18437,7986ca6928ec3fedec68dc861818f9e29df0ba4bf303b983d4b3162b7bcc7fe1,2018-09-06 11:59:42,"(2016-08-01, 2022-08-01]"
18508,18508,4d91a260f498a53543cdbd674f82143844c6865f6e8044af76990854b055dfea,2019-12-10 18:22:38,"(2016-08-01, 2022-08-01]"
18536,18536,b36b1323dd89f01dfbb16a66d6b0ce8ccd7f24de062138660b506ce077cbf34b,2020-07-27 17:13:52,"(2016-08-01, 2022-08-01]"
18546,18546,c108fcb7390e7ae1f76f49bb45bae342c437d7d8e145dc354d79a7cdc589a9ac,2017-07-20 18:46:24,"(2016-08-01, 2022-08-01]"
18561,18561,05363863a52668b9c61cb1e4b1aa36903cd0729ebcff9e34c9ffd614ca76040b,2016-10-21 09:02:02,"(2016-08-01, 2022-08-01]"
18604,18604,008ab6d9b1617430c29441b445e8ecffb8c5a953d812dd9cf762470b967c1eec,2017-05-31 14:47:44,"(2016-08-01, 2022-08-01]"
18610,18610,26bf7d9cc7730f3771204e018003132e0253118bb036982e28a8ecc6aa7084bc,2020-05-08 15:02:18,"(2016-08-01, 2022-08-01]"
18632,18632,98c3159719ac1f4dc45e76b7d0374e523b3f906f42fa6b0c3f41483bf71e724c,2018-02-07 10:36:32,"(2016-08-01, 2022-08-01]"
18633,18633,0475100c69052ad3eed102d8ea9fef95cd0ac54f0693137ecc21a14cb02d3b9b,2017-02-12 09:39:28,"(2016-08-01, 2022-08-01]"
18663,18663,aa889d409e87e7a2b1feaeaaa5daad8b95b2a802eb350f266fe275b99399c536,2017-04-07 18:19:20,"(2016-08-01, 2022-08-01]"
18701,18701,2873fe884ea7e210113a6740ebaa6ad60753c16dcfcf31d0a78c4905118adfa3,2020-04-21 10:20:50,"(2016-08-01, 2022-08-01]"
18719,18719,3c92b3c54eb863e10adf13767387cbe8142e720fca98901c16e3c727e0a29e63,2017-02-25 22:04:04,"(2016-08-01, 2022-08-01]"
18731,18731,76d9fdc95af6530fcf8e9dbb5c924e70936a727f2342e344dfe5cc1a4e051aba,2018-03-30 15:43:26,"(2016-08-01, 2022-08-01]"
18750,18750,e12abef13c6e6043096db1807ebe58c9ec489922be050da67071c77fa50a3890,2018-06-04 20:32:40,"(2016-08-01, 2022-08-01]"
18762,18762,609b450611fb1a0e5b866b495e59a62006ba4328d8f5ca5ccc5b5ed310fd0510,2016-09-08 17:07:28,"(2016-08-01, 2022-08-01]"
18798,18798,9e45a96c532f7d154c51f6301f1b0bc5a0cd0530ea9a909c90e46453dda47682,2020-04-02 07:39:16,"(2016-08-01, 2022-08-01]"
18850,18850,608c11e44ca6a02c90d80ff9a226962380fa155ea9cb94f7e46e61969a922c52,2017-11-29 12:23:26,"(2016-08-01, 2022-08-01]"
18872,18872,8a7c8b0da4fd7c54cb8da748635ab41977ac1b9ed2904f522ad4fa1dd070e569,2016-08-27 18:50:38,"(2016-08-01, 2022-08-01]"
18899,18899,4e73d7dc29dc885d808889f89a5cbb157f49bd1a5be383a6fa0eafefec303a95,2016-09-30 22:50:08,"(2016-08-01, 2022-08-01]"
18901,18901,150dd3ef5306667d5a36462ee7fcc038e6ad52c05c642510e42e3174b38a2dbb,2017-09-05 11:42:18,"(2016-08-01, 2022-08-01]"
18925,18925,5944d0f8298eae69e6d342d07dc6b93b3a50b214332c5691d12333f5e018c627,2018-09-13 17:53:32,"(2016-08-01, 2022-08-01]"
18926,18926,5f6b62649a32aea0e6cacc201403a69bb9eb1f2fba88d067241e4bf090dc1e3d,2018-10-05 19:22:12,"(2016-08-01, 2022-08-01]"
18980,18980,e59b3c06f08d66857bfaef368e21327bc517a29d51424229bf08319b9a79bcad,2016-10-09 08:05:34,"(2016-08-01, 2022-08-01]"
19007,19007,ab1873308afc9aaf4f559ca97f321cb13760c99556746dd873e1b5fb86972a94,2020-05-22 16:52:28,"(2016-08-01, 2022-08-01]"
19037,19037,326e56afee609266b9032617b969b88d62e53da9a0774e5c224ced1cc3e7bfdf,2017-03-07 15:15:40,"(2016-08-01, 2022-08-01]"
19082,19082,aa4a91262cde7c481aeb698437bb76f89223cabd8bab915a1983b72f69174a5d,2017-06-06 23:33:10,"(2016-08-01, 2022-08-01]"
19116,19116,52fec23d20138914e323399fcac741e7b737110fd39f527e9b79932276d43181,2016-08-04 10:47:44,"(2016-08-01, 2022-08-01]"
19121,19121,810fd7789743164d34e7a62828bfc47703ef78a3e6ccdfe0e17040877ea5064d,2018-08-17 12:16:32,"(2016-08-01, 2022-08-01]"
19130,19130,008150a5ebcad7984823afb72d9040d9fac0bdcf9d96f3c386981ad3d00ddfe4,2017-07-28 17:24:54,"(2016-08-01, 2022-08-01]"
19209,19209,0d43a4a588abf2c2209f788f7c13fbf4fca47e1e31fb37a0914e3c6bb962b9c6,2017-09-28 11:02:02,"(2016-08-01, 2022-08-01]"
19213,19213,706de0f4fb9363802654b0c648acd697e96ec173fede4a541c19a4397336f373,2020-07-17 21:51:02,"(2016-08-01, 2022-08-01]"
19218,19218,d31c6c2c2dfdfc2250771f73c99d85eecd47a2b15df335b1a3e57f1577847889,2019-05-21 13:23:46,"(2016-08-01, 2022-08-01]"
19277,19277,5cbf03e541882dcd2c7a3636fb6a45af65f4c5e2404f4f5c05bc4f850aa30ab7,2017-03-02 16:16:52,"(2016-08-01, 2022-08-01]"
19281,19281,b1b4c52f0df15ff0b8d5990f7aee32aeed30d6162d8fbe6a107e3285a62eff28,2016-10-27 11:36:44,"(2016-08-01, 2022-08-01]"
19289,19289,54ea37b5802d66d2211be4eebc5e998131ab1419a3b8d43cb82b2ae21826dd8f,2016-09-02 14:33:28,"(2016-08-01, 2022-08-01]"
19322,19322,d92ac1e5d7a7a52f07a5e5a7e66377e83cb66ab6f9dfeb4414ac19c23a1cd2fd,2016-10-17 15:18:30,"(2016-08-01, 2022-08-01]"
19419,19419,bc6fb6f5943e02415b1bd2b4450f99ac0f331d845f6b0c689659f7b3a0d2cae1,2020-04-16 14:16:52,"(2016-08-01, 2022-08-01]"
19423,19423,a0734d0545ad8c60af16c3ecad273e4be37d19c270c0cd8478187aa2f585d49e,2017-10-26 13:35:56,"(2016-08-01, 2022-08-01]"
19444,19444,b71dd4c31a27933dd8771440d8aff15b0e1738d40d862270263c890510282f9f,2017-08-30 11:27:44,"(2016-08-01, 2022-08-01]"
19485,19485,e76d02983c7f393e481a0f06694c1c66d0fdd32a0309bd29aaabdb5ac4277546,2020-07-27 11:51:04,"(2016-08-01, 2022-08-01]"
19488,19488,b5f6640de3ffb0682ae63ce00a99284eca49a147c269e1d6a073e5754049c52b,2020-07-08 17:06:52,"(2016-08-01, 2022-08-01]"
19493,19493,83438ab52a2b7f9b58c0f249451860841e110833e6c609829f4826164e9ef372,2017-05-05 09:34:00,"(2016-08-01, 2022-08-01]"
19551,19551,401e140242a3f301a375edc1d3ee25abe8be01cd88350ca33f520e1bb26a3b9d,2018-01-18 12:07:52,"(2016-08-01, 2022-08-01]"
19597,19597,8b698ee0cd0b7418b6d416f15a4ce11770a1d20f1c2bbb43f03974a0918ef05d,2016-08-13 13:36:48,"(2016-08-01, 2022-08-01]"
19604,19604,ca5daa0c1f1b55512e8bd57487315a1ae31d3edf8ce147f7318b5cb49881cf25,2020-07-02 20:27:14,"(2016-08-01, 2022-08-01]"
19649,19649,323981bbd534496d8b8073feac63e810f26e237963ef4d9cf68b31ad92a9098d,2020-01-19 12:43:06,"(2016-08-01, 2022-08-01]"
19668,19668,5f56c36458b25d885d1f0f902e0f33454e5677f241f569c7cf2e456e48a5b36b,2020-07-20 10:41:12,"(2016-08-01, 2022-08-01]"
19690,19690,948173d73ec8f31c19bb8d24eced91db72a9b42f1cef78e50df3492d19c05692,2019-09-10 15:40:58,"(2016-08-01, 2022-08-01]"
19718,19718,1e7b532ba363ce8086167ed97aad116e03c47bf97540a923ccca3651f2196d6e,2016-09-18 20:07:50,"(2016-08-01, 2022-08-01]"
19739,19739,dd119552bfc8d0a27309d874dcea5fcd3c988a27f991dd55b5d7099892c18963,2017-08-25 11:00:34,"(2016-08-01, 2022-08-01]"
19745,19745,ff44fc4be44c404b536b995e038ee62c5aed9236021057b26ea7ba0244cd0a6d,2017-02-28 16:35:36,"(2016-08-01, 2022-08-01]"
19748,19748,70f283090f1db88c9f66efe0cac9135af19ca60672180d79c0d13d6f8cda51cf,2017-07-26 18:12:44,"(2016-08-01, 2022-08-01]"
19805,19805,a06f729dbff8ce7d0bb45d5f42eac74dddb4489e04123b5130a5468a72b8ac5a,2017-07-12 11:02:52,"(2016-08-01, 2022-08-01]"
19812,19812,2e1112d9c4719722d3763053f72b1b1d1852579e0ada0b9152159ff1a45872b2,2019-08-12 09:46:38,"(2016-08-01, 2022-08-01]"
19895,19895,ca877714be62b1781277cac3c9a479516904842233d43eb299b5e1d4f2e18ee4,2017-04-19 14:44:22,"(2016-08-01, 2022-08-01]"
19901,19901,91453f77cbf60f9e88da7f56a9d254e36a9ae12bd4ea87cb9fb159ad4be61ba5,2017-12-16 09:58:52,"(2016-08-01, 2022-08-01]"
19939,19939,e357101d148b0d9b8a0200625af4790c7bc7491b30611cffb6bcdce166650298,2019-09-06 10:24:18,"(2016-08-01, 2022-08-01]"
19953,19953,0341e096151287b5ab359be41fc07f504ba2f324ac8e6edae8011f79f2ac2dda,2017-09-28 15:42:18,"(2016-08-01, 2022-08-01]"
19985,19985,ffcebe6b78e1ca2c58ce6e5054528c78eace19e991063f05fca34752c2748eac,2018-10-25 17:16:40,"(2016-08-01, 2022-08-01]"
19990,19990,fd07930973ab359838b2d8ce1a334803650825920c432af60a0352e92d3dd034,2018-10-15 16:33:14,"(2016-08-01, 2022-08-01]"
20019,20019,051ef4b66234282e5296fb84b8c04b149a5109c7db88bafaeb78c3bd44c1736e,2017-01-13 12:57:58,"(2016-08-01, 2022-08-01]"
20030,20030,ba202db3eaec89ede13c6aa67d3a62d804802d58a66e1fea3f54a7257a3d70e0,2019-01-11 10:02:48,"(2016-08-01, 2022-08-01]"
20041,20041,f82ed40ec8e1cc46ff4bb92b203488057c2d8bb13d15deb41fe1a8a92f275969,2019-02-27 16:08:56,"(2016-08-01, 2022-08-01]"
20051,20051,25f64c9eed3d959de008755e49b0001159078601f0b0a6f8a2f87e1ea6e2787d,2016-09-27 19:11:40,"(2016-08-01, 2022-08-01]"
20054,20054,9901414ad85f8b4bd5bc13e0ea454f9bb878a6495ca8c766c53392913a743764,2016-11-17 22:54:20,"(2016-08-01, 2022-08-01]"
20085,20085,428cc58237e50c5a1b1788702c49fe0893cac7022dc7363c127f3d69ff833656,2017-02-18 05:27:52,"(2016-08-01, 2022-08-01]"
20092,20092,0d715e6146e839c1c885a4a455cd4e1097f0bdad940d863b7e48f952c097f841,2018-02-07 15:06:18,"(2016-08-01, 2022-08-01]"
20111,20111,3242ade76dd2b430fa185e3ce63d4ac45eae2ff35f2919ad1c2b2abb341e20ff,2020-05-18 15:48:40,"(2016-08-01, 2022-08-01]"
20153,20153,77ead762a04e1146cb2a50ffd94d348a5d43d4213ac4954ab7ca6a67f1762bbd,2016-08-17 21:51:32,"(2016-08-01, 2022-08-01]"
20175,20175,c671c6ef603d822d05f7467e0cf0f2e8d7c2fe2bde06e8e06d360aa91a47dc25,2016-12-28 11:42:52,"(2016-08-01, 2022-08-01]"
20197,20197,d9409b08229f706578bf4748961ba886fe8c79e41ee7adbd97742519afe92402,2020-04-10 18:52:18,"(2016-08-01, 2022-08-01]"
20219,20219,440d69dec36e0c85cd47c8e6fc555e07c28ff653c4ad0f7c3bb4c7016c9856c9,2016-08-29 18:07:32,"(2016-08-01, 2022-08-01]"
20250,20250,796903a68c9a6186269c819918cfdbddc91d17bfc4883da8d694585970ca6149,2018-05-15 21:28:50,"(2016-08-01, 2022-08-01]"
20256,20256,c06b2075e362eef3915e92023185f8a3858af2672d4af5bc85a74557db9cd506,2017-04-18 21:52:52,"(2016-08-01, 2022-08-01]"
20258,20258,14ad52f9e9930563955e8415412a78bc74baa23406ecb73f952938790f7a7f90,2018-08-17 04:53:16,"(2016-08-01, 2022-08-01]"
20260,20260,4eec617bb6e0272df286f02c86fff298e5b9cdc31c2d0b5b1a2eb087c9a4fae2,2020-01-06 23:04:38,"(2016-08-01, 2022-08-01]"
